URL,Name,Is_ISA_Compatible,Ticker,SEDOL_ID,Sector,ETF_Type,Top10_Exposures,Currency,Open_price,Year_low,Year_high,Dividend_yield,PE_ratio,Market_capitalisation,Volume,GBP_Open,GBP_Year_low,GBP_Year_high,GBP_Market_capitalisation
https://www.hl.co.uk/shares/shares-search-results/0/01-quantum-inc-npv,01 Quantum Inc NPV,TRUE,ONE,BVN5M68,Unspecified,## Not ETF,None,CAD,0.45,0.32,0.45,0%,0,51.59,60393,0.240396908,0.170948912,0.240396908,27.56016991
https://www.hl.co.uk/shares/shares-search-results/a/agco-corporation-common-stock-us$0.01,AGCO Corporation Common Stock US$0.01,TRUE,AGCO,2010278,Unspecified,## Not ETF,None,USD,123.9,98.29,123.9,0.98%,13.11,8890000000,336079,91.69560101100001,72.74221649,91.69560101100001,6579288886
https://www.hl.co.uk/shares/shares-search-results/a/a-o-smith-corp-usd1,A O Smith Corp USD1,TRUE,AOS,2816023,Unspecified,## Not ETF,None,USD,57.34,54.26,57.34,2.54%,14.91,7860000000,632151,42.43604328,40.15660461,42.43604328,5817009071
https://www.hl.co.uk/shares/shares-search-results/a/a10-networks-inc-usd0.00001,A10 Networks Inc USD0.00001,TRUE,ATEN,BKQVBN6,Unspecified,## Not ETF,None,USD,24.6,16.54,24.6,0.98%,42.4,1800000000,210723,18.205906254000002,12.24088168,18.205906254000002,1332139482
https://www.hl.co.uk/shares/shares-search-results/a/a2-gold-corp-npv,A2 Gold Corp NPV,TRUE,AUAU,BTZP314,Unspecified,## Not ETF,None,CAD,0.66,0.6,0.66,0%,0,81.94,157372,0.352582131,0.32052920999999995,0.352582131,43.77360578
https://www.hl.co.uk/shares/shares-search-results/a/a2a-spa-eur0.52,A2A Spa EUR0.52,TRUE,A2A,5499131,Unspecified,## Not ETF,None,EUR,2.36,2.1,2.36,4.41%,9.4,7390000000,13021715,2.026084804,1.8028720710000001,2.026084804,6344392669
https://www.hl.co.uk/shares/shares-search-results/a/a2d-funding-plc-4.5-2026,A2D Funding plc 4.5% 2026,TRUE,A2D2,BQ8NZW9,Bond,## Not ETF,None,GBP,100.13,99.175,100.13,4.49%,0,0,0,100.13,99.175,100.13,0
https://www.hl.co.uk/shares/shares-search-results/a/aac-clyde-space-ab-publ-npv,AAC Clyde Space AB NPV,TRUE,AAC,BMGBYZ3,Unspecified,## Not ETF,None,SEK,110.8,88.4,110.8,0%,0,862.91,11568,8.458337932000001,6.7483490360000005,8.458337932000001,65.87350528
https://www.hl.co.uk/shares/shares-search-results/a/aak-ab-npb,AAK AB NPB,TRUE,AAK,BF2FPV3,Unspecified,## Not ETF,None,SEK,205.2,190.6,205.2,4.57%,14.15,53050000000,534031,15.66471971,14.55017337,15.66471971,4049772810
https://www.hl.co.uk/shares/shares-search-results/a/aalberts-nv-eur0.25,Aalberts NV EUR0.25,TRUE,AALB,B1W8P14,Unspecified,## Not ETF,None,EUR,42.1,25.78,42.1,2.75%,25.66,4520000000,181704,36.14329247,22.13240095,36.14329247,3880467505
https://www.hl.co.uk/shares/shares-search-results/a/aaon-inc-usd0.004,Aaon Inc USD0.004,TRUE,AAON,2268130,Unspecified,## Not ETF,None,USD,76.77,73.21,76.77,0.52%,61.64,6550000000,293468,56.81574891,54.181073042899996,56.81574891,4847507560
https://www.hl.co.uk/shares/shares-search-results/a/aap-implantate-ag-npv,AAP Implantate AG NPV,TRUE,AAQ1,BLB1VX8,Unspecified,## Not ETF,None,EUR,1.71,1.27,1.71,0%,0,25.9,17,1.468052972,1.090308348,1.468052972,22.23542221
https://www.hl.co.uk/shares/shares-search-results/a/aar-corp-common-stock-usd1,AAR Corp Common Stock USD1,TRUE,AIR,2001119,Unspecified,## Not ETF,None,USD,127.91,73.375,127.91,0%,32.89,5020000000,82742,94.66331175,54.30318583,94.66331175,3715189000
https://www.hl.co.uk/shares/shares-search-results/a/ab-dynamics-plc-ordinary-1p,AB Dynamics plc Ordinary 1p,TRUE,ABDP,B9GQVG7,Unspecified,## Not ETF,None,GBX,840,718,840,1.10%,10.23,190.9,50256,8.4,7.18,8.4,1.909
https://www.hl.co.uk/shares/shares-search-results/a/ab-science-eur0.01,AB Science Eur0.01,TRUE,AB,B5VSTM2,Unspecified,## Not ETF,None,EUR,0.72,0.5,0.72,0%,0,68.05,318136,0.618127567,0.429255255,0.618127567,58.42164021
https://www.hl.co.uk/shares/shares-search-results/a/abacus-mining-and-exploration-corp-npv,Abacus Mining & Exploration Corp NPV,TRUE,AME,BD6RP11,Unspecified,## Not ETF,None,CAD,0.02,0.015,0.02,0%,0,3.74,1002,0.010684307,0.00801323,0.010684307,1.997965409
https://www.hl.co.uk/shares/shares-search-results/a/abb-ltd-chf-0.12-cdi,ABB Ltd CHF 0.12 (CDI),TRUE,ABBN,7108899,Unspecified,## Not ETF,None,CHF,78.22,53.78,78.22,1.21%,38.43,1.4195E+11,1656685,71.07140693,48.86499955,71.07140693,1.28977E+11
https://www.hl.co.uk/shares/shares-search-results/a/abb-ltd-adr-repr-i-chf2.50-spon,ABB Ltd ADR Repr I CHF2.50 (SPON),TRUE,ABBNY,2748472,Unspecified,## Not ETF,None,USD,96.41,67.24,96.41,1.25%,38.18,1.7641E+11,175124,71.35087081089999,49.762810427599995,71.35087081089999,1.30557E+11
https://www.hl.co.uk/shares/shares-search-results/a/abbott-laboratories-com-stk-npv,Abbott Laboratories Com Stk NPV,TRUE,ABT,2002305,Unspecified,## Not ETF,None,USD,104.15,81.97,104.15,2.44%,25.89,1.8209E+11,8322882,77.07907058,60.66415186,77.07907058,1.34761E+11
https://www.hl.co.uk/shares/shares-search-results/a/abbvie-inc-ordinary-shares-usd-0.01,Abbvie Inc Ordinary Shares USD 0.01,TRUE,ABBV,B92SR70,Unspecified,## Not ETF,None,USD,257.32,191.17,257.32,2.71%,45.12,4.4339E+11,1131183,190.4367397,141.4806138,190.4367397,3.28143E+11
https://www.hl.co.uk/shares/shares-search-results/a/abc-arbitrage-eur0.016,ABC Arbitrage / EUR0.016,TRUE,ABCA,4121714,Unspecified,## Not ETF,None,EUR,5.3,4.87,5.3,6.45%,12.5,315.09,67743,4.550105703,4.180946184,4.550105703,270.5080766
https://www.hl.co.uk/shares/shares-search-results/a/abcellera-biologics-inc-npv,AbCellera Biologics Inc NPV,TRUE,ABCL,BL53SR3,Unspecified,## Not ETF,None,USD,10.55,2.745,10.55,0%,0,3710000000,1088789,7.80781752,2.03151271,7.80781752,2745687488
https://www.hl.co.uk/shares/shares-search-results/a/abcourt-mines-class-b,Abcourt Mines Class B,TRUE,ABI,2002510,Unspecified,## Not ETF,None,CAD,0.08,0.055,0.08,0%,0,97.28,285500,0.042737228,0.029381844,0.042737228,51.96846925
https://www.hl.co.uk/shares/shares-search-results/a/aben-gold-corp-npv,Aben Gold Corp NPV,TRUE,ABM,BQ72N67,Unspecified,## Not ETF,None,CAD,0.19,0.065,0.19,0%,0,7.11,23300,0.101500917,0.034723998,0.101500917,3.798271139
https://www.hl.co.uk/shares/shares-search-results/a/abeo-sa-eur0.75,Abeo SA EUR0.75,TRUE,ABEO,BZ13Z30,Unspecified,## Not ETF,None,EUR,8.5,7.52,8.5,3.78%,7.48,70.48,1435,7.297339335,6.455999035,7.297339335,60.50782074480001
https://www.hl.co.uk/shares/shares-search-results/a/abeona-therapeutics-inc-usd0.01,Abeona Therapeutics Inc USD0.01,TRUE,ABEO,BMZ4B74,Unspecified,## Not ETF,None,USD,5.55,4,5.55,0%,0,334.53,1598025,4.10743007,2.96030996,4.10743007,247.57812272969997
https://www.hl.co.uk/shares/shares-search-results/a/abercrombie-and-fitch-usd,Abercrombie & Fitch USD,TRUE,ANF,2004185,Unspecified,## Not ETF,None,USD,144.1,65.46,144.1,0%,12.97,6450000000,362468,106.64516630899999,48.4454725,106.64516630899999,4773499811
https://www.hl.co.uk/shares/shares-search-results/a/aberdeen-asia-focus-plc-ord-gbp0.05,Aberdeen Asia Focus Plc ORD GBP0.05,TRUE,AAS,BMF19B5,Trust,## Not ETF,"Taiwan Union Technology Corp (4.78139%), Chroma Ate Inc (4.21003%), Precision Tsugami (China) Corp Ltd (3.73901%), Sino-American Silicon Products Inc (3.61355%), Hansol Chemical Co Ltd (3.16526%), Mobile World Investment Corp (2.86516%), M P Evans Group Plc Ordinary 10p Shares (2.69181%), Asia Vital Components Co Ltd (2.58521%), Grand Process Technology Corp (2.55880%), Aegis Logistics Ltd (2.51464%)",GBX,447,348,447,1.42%,7.95155,606.6,42911,4.47,3.48,4.47,6.066000000000001
https://www.hl.co.uk/shares/shares-search-results/a/aberdeen-asian-incomes-fund-ltd-ord-npv,Aberdeen Asian Incomes Fund Ltd Ord Npv,TRUE,AAIF,B0P6J83,Trust,## Not ETF,"Taiwan Semiconductor Manufacturing Co Ltd (14.11227%), Samsung Electronics Co Ltd Participating Preferred (10.36285%), SK Hynix Inc (5.89662%), MediaTek Inc (3.86752%), Tencent Holdings Ltd (3.65740%), Ping An Insurance (Group) Co. of China Ltd Class H (3.61706%), Samsung Electronics Co Ltd (2.71723%), Shenzhou International Group Holdings Ltd (2.65449%), Rio Tinto plc Ordinary 10p (2.51908%), Sino-American Silicon Products Inc (2.15039%)",GBX,318,248,318,5.08%,6.2803,452.6,254641,3.18,2.48,3.18,4.526000000000001
https://www.hl.co.uk/shares/shares-search-results/a/aberdeen-equity-income-trust-plc-ordgbp0.25,Aberdeen Equity Income Trust Plc OrdGBP0.25,TRUE,AEI,0603959,Trust,## Not ETF,"Rio Tinto plc Ordinary 10p (6.11754%), HSBC Holdings plc Ordinary USD0.50 (5.69576%), BP Plc Ordinary US$0.25 (4.26867%), British American Tobacco plc Ordinary 25p (3.65227%), Galliford Try Holdings Plc ORD GBP0.5 (3.61942%), M&G plc ORD GBP0.05 (3.48303%), Legal & General Group plc Ord 2.5p Shares (3.46664%), Imperial Brands Group Ordinary 10p (3.32526%), Chesnara plc Ordinary 5p (3.08759%), OSB Group plc Ord 1p (3.01776%)",GBX,442,360,442,5.15%,6.44306,355.3,94154,4.42,3.6,4.42,3.5530000000000004
https://www.hl.co.uk/shares/shares-search-results/a/aberdeen-group-ordinary-13-6163p,Aberdeen Group Ordinary 13 61/63p,TRUE,ABDN,BF8Q6K6,Unspecified,## Not ETF,None,GBX,250.2,179.6,250.2,5.88%,15.49,4450000000,2652650,2.502,1.796,2.502,44500000
https://www.hl.co.uk/shares/shares-search-results/a/aberdeen-india-fund-inc-usd0.001,Aberdeen India Fund Inc USD0.001,TRUE,IFN,2445115,Unspecified,## Not ETF,None,USD,11.17,10.725,11.17,14.53%,0,489.83,20962,8.266665563,7.93733108,8.266665563,362.5121569
https://www.hl.co.uk/shares/shares-search-results/a/aberdeen-international-inc-com-npv,Aberdeen International Inc Com NPV,TRUE,AAB,2822570,Unspecified,## Not ETF,None,CAD,0.03,0.02,0.03,0%,0,4.01,31000,0.016026461,0.010684307,0.016026461,2.142203554
https://www.hl.co.uk/shares/shares-search-results/a/abrdn-new-india-investment-trust-ordinary-2,Abrdn New India Investment Trust Ordinary 2,TRUE,ANII,0604877,Trust,## Not ETF,"ICICI Bank Ltd (8.64089%), HDFC Bank Ltd (7.88851%), Bharti Airtel Ltd (6.99732%), Mahindra & Mahindra Ltd (5.56140%), Hindalco Industries Ltd (3.38775%), SBI Life Insurance Co Ltd (3.38268%), J.B. Chemicals & Pharmaceuticals Ltd (3.06200%), Bajaj Finance Ltd (3.05585%), Aegis Logistics Ltd (2.87497%), Phoenix Mills Ltd (2.58514%)",GBX,708,610,708,0%,99999.99,304.5,31862,7.08,6.1000000000000005,7.08,3.045
https://www.hl.co.uk/shares/shares-search-results/a/aberdeen-uk-smaller-companies-growth-trust,Aberdeen UK Smaller Companies Growth Trust,TRUE,AUSC,0295958,Trust,## Not ETF,"AJ Bell Plc ORD GBP0.0125 (4.10727%), Morgan Sindall Group plc Ordinary 5p (3.63465%), abrdn Liquidity-Sterling Fund Z-1 IncGBP (3.37538%), Balfour Beatty plc Ordinary 50p (3.32291%), Volex Plc Ordinary 25p Shares (3.24969%), Cairn Homes plc EUR0.001 (3.12803%), Avon Technologies Plc ORD GBP1 (3.01305%), ME Group International plc Ord 0.5p (2.86473%), Paragon Banking Group plc Ord 100p (2.85567%), Hill & Smith Plc Ordinary 25p Shares (2.85115%)",GBX,505,441.5,505,2.62%,20.25041,216.3,39659,5.05,4.415,5.05,2.1630000000000003
https://www.hl.co.uk/shares/shares-search-results/a/aberforth-geared-value-and-income-trust-zdp,Aberforth Geared Value & Income Trust ZDP,TRUE,AGZI,BPJMQ36,Unspecified,## Not ETF,None,GBX,118,113.5,118,0%,0,174.14,0,1.18,1.135,1.18,1.7413999999999998
https://www.hl.co.uk/shares/shares-search-results/a/aberforth-geared-value-and-income-trust-plc2,Aberforth Geared Value & Income Trust Plc,TRUE,AGVI,BPJMQ25,Trust,## Not ETF,"Vesuvius plc Ordinary 10p (3.77686%), Halfords Ordinary 1p Shares (3.20780%), Chesnara plc Ordinary 5p (3.16476%), CMC Markets Plc Ordinary 25p (3.07696%), Rathbones Group plc Ordinary 5p (3.02749%), Mony Group Plc Ord 2p (2.96722%), Ashmore Group ORD0.01 (2.90076%), Jupiter Fund Management PLC Ordinary 2p (2.84762%), Zigup Plc Ord 50p (2.80413%), Domino's Pizza Group plc Ordinary (2.56258%)",GBX,91,76,91,5.62%,38.42941,97.4,15268,0.91,0.76,0.91,0.9740000000000001
https://www.hl.co.uk/shares/shares-search-results/a/aberforth-smaller-companies-trust-ord-1p,Aberforth Smaller Companies Trust Ord 1p,TRUE,ASL,0006655,Trust,## Not ETF,"CMC Markets Plc Ordinary 25p (3.25807%), XP Power Limited Ordinary 1p (3.25310%), EnQuest plc Ordinary 5p (3.15596%), Zigup Plc Ord 50p (2.91265%), Ashmore Group ORD0.01 (2.76556%), Vesuvius plc Ordinary 10p (2.50762%), Rathbones Group plc Ordinary 5p (2.46851%), NCC Group plc Ord GBP0.01 (2.45779%), Mony Group Plc Ord 2p (2.44382%), Morgan Advanced Materials plc Ord 25p (2.42693%)",GBX,1708,1410,1708,2.71%,14.62293,1310000000,129768,17.080000000000002,14.1,17.080000000000002,13100000
https://www.hl.co.uk/shares/shares-search-results/a/abg-sundal-collier-holding-asa-nok0.23,ABG Sundal Collier Holding ASA NOK0.23,TRUE,ABG,4333058,Unspecified,## Not ETF,None,NOK,7.24,6.8,7.24,7.59%,11.32,3830000000,2620062,0.576484566,0.541449592,0.576484566,304963520.20000005
https://www.hl.co.uk/shares/shares-search-results/a/abingdon-health-ltd-ord-gbp0.00025,Abingdon Health Ltd ORD GBP0.00025,TRUE,ABDX,BLF79J4,Unspecified,## Not ETF,None,GBX,11,5.58,11,0%,0,27.8,25241,0.11,0.0558,0.11,0.278
https://www.hl.co.uk/shares/shares-search-results/a/abits-group-inc-npv,Abits Group Inc NPV,TRUE,ABTS,BS6TZY5,Unspecified,## Not ETF,None,USD,1.46,0.76,1.46,0%,0,4.56,3105,1.080513135,0.562458892,1.080513135,3.3747533543999997
https://www.hl.co.uk/shares/shares-search-results/a/abivax-eur0.01,Abivax EUR0.01,TRUE,ABVX,BYZZ7S4,Unspecified,## Not ETF,None,EUR,98.7,60.45,98.7,0%,0,8760000000,92586,84.73498734,51.896960329500004,84.73498734,7520552068
https://www.hl.co.uk/shares/shares-search-results/a/abm-industries-inc-common-stock-usd0.01,ABM Industries Inc Common Stock USD0.01,TRUE,ABM,2024901,Unspecified,## Not ETF,None,USD,49.48,37,49.48,2.36%,17.99,2920000000,190429,36.619034205199995,27.38286713,36.619034205199995,2161026271
https://www.hl.co.uk/shares/shares-search-results/a/abn-amro-bank-nv-dr-each-repr-1-share,ABN Amro Bank NV DR Each Repr 1 Share,FALSE,ABN,BYQP136,Unspecified,## Not ETF,None,EUR,42.93,24.49,42.93,3.59%,17.71,27670000000,1887579,36.85585619,21.02492239,36.85585619,23754985812
https://www.hl.co.uk/shares/shares-search-results/a/abrasilver-resource-corp-npv,AbraSilver Resource Corp NPV,TRUE,ABRA,BR4XSQ5,Unspecified,## Not ETF,None,CAD,15.3,5.37,15.3,0%,0,2630000000,671195,8.173494855,2.8687364294999997,8.173494855,1404986371
https://www.hl.co.uk/shares/shares-search-results/a/abrdn-diversified-income-and-growth-trust,Abrdn Diversified Income & Growth Trust,TRUE,ADIG,0129756,Trust,## Not ETF,"abrdn Liquidity-Sterling Fund Z-1 IncGBP (19.54387%), SL CAP INFRA EUR (17.36859%), United Kingdom of Great Britain and Northern Irela (11.44681%), BURFORD OPPORTUN USD (9.49514%), BONACCORD USD (7.95523%), ANDEAN SOCIAL USD (7.77840%), Blackrock Ast Mgmt (3.28129%), Aberdeen Eur (2.02750%), Cheyne Property Gbp (1.85657%), PIMCO PRIVATE USD (1.38702%)",GBX,0,0,12.3,251.31%,99999.99,37.1,0,0,0,0.12300000000000001,0.371
https://www.hl.co.uk/shares/shares-search-results/a/abrdn-emerging-markets-ex-china-fund-inc,abrdn Emerging Markets ex-China Fund Inc,TRUE,AEF,2193566,Unspecified,## Not ETF,None,USD,10.03,6.25,10.03,8.06%,4.21,405.2,52225,7.422977224699999,4.625484313,7.422977224699999,299.8793989
https://www.hl.co.uk/shares/shares-search-results/a/abrdn-physical-platinum-shares-etf,Abrdn Physical Platinum Shares ETF,FALSE,PPLT,BFXL9P2,ETF 1x,Regional,None,USD,16.39,12.348,16.39,0%,0,0,266826,12.12987006,9.138476846520001,12.12987006,0
https://www.hl.co.uk/shares/shares-search-results/a/abrdn-physical-palladium-shares-etf,abrdn Physical Palladium Shares ETF,FALSE,PALL,BFXL9K7,ETF 1x,ETC - Metals,None,USD,23.94,20.784,23.94,0%,0,0,174177,17.71745511,15.381770552159999,17.71745511,0
https://www.hl.co.uk/shares/shares-search-results/a/abrdn-physical-silver-shares-etf,Abrdn Physical Silver Shares ETF,FALSE,SIVR,BFZ02J2,ETF 1x,ETC - Metals,None,USD,61.76,39.17,61.76,0%,0,0,219152,45.707185782399996,28.988835283300002,45.707185782399996,0
https://www.hl.co.uk/shares/shares-search-results/a/abrdn-physical-gold-shares-etf,Abrdn Physical Gold Shares ETF,FALSE,SGOL,BFZ02K3,ETF 1x,ETC - Metals,None,USD,41.79,34.5,41.79,0%,0,0,1110601,30.92783831,25.53267341,30.92783831,0
https://www.hl.co.uk/shares/shares-search-results/a/abrdn-european-logistics-income-plc-ord-1p,Abrdn European Logistics Income Plc Ord 1p,TRUE,ASLI,BD9PXH4,Trust,## Not ETF,Investment Properties (132.93461%),GBX,10.64,10,10.64,79.17%,99999.99,45,813654,0.10640000000000001,0.1,0.10640000000000001,0.45
https://www.hl.co.uk/shares/shares-search-results/a/abrdn-global-infrastructure-income-fund,abrdn Global Infrastructure Income Fund,FALSE,ASGI,BMYJCY4,Unspecified,## Not ETF,None,USD,21.9,20.1001,21.9,12.01%,7.98,699.95,156106,16.20769703,14.875631556749001,16.20769703,518.0172391
https://www.hl.co.uk/shares/shares-search-results/a/abrdn-global-premier-properties-fund-ord,abrdn Global Premier Properties Fund Ord,TRUE,AWP,BRBSC61,Unspecified,## Not ETF,None,USD,11.16,10.665,11.16,12.95%,54.09,347.13,12547,8.259264788,7.892926430849999,8.259264788,256.9030991
https://www.hl.co.uk/shares/shares-search-results/a/abrdn-life-sciences-investors-usd0.01,Abrdn Life Sciences Investors USD0.01,TRUE,HQL,BRKXFM4,Unspecified,## Not ETF,None,USD,19.86,13.88,19.86,11.32%,6.83,618.5,9736,14.69793895,10.27227556,14.69793895,457.7379276
https://www.hl.co.uk/shares/shares-search-results/a/abrdn-property-income-trust-ltd-ord-1p,Abrdn Property Income Trust Ltd Ord 1p,TRUE,API,3387528,Trust,## Not ETF,None,GBX,1.61,1.4,1.61,57.40%,99999.99,7.2,91471,0.0161,0.013999999999999999,0.0161,0.072
https://www.hl.co.uk/shares/shares-search-results/a/abrdn-total-dynamic-dividend-fund-npv,abrdn Total Dynamic Dividend Fund NPV,TRUE,AOD,BG1Z6Q3,Unspecified,## Not ETF,None,USD,10.55,8.765,10.55,11.80%,0,1120000000,75632,7.80781752,6.486779199850001,7.80781752,828886788.8
https://www.hl.co.uk/shares/shares-search-results/a/abrdn-world-healthcare-fund-ben-int-usd,Abrdn World Healthcare Fund BEN INT USD,TRUE,THW,BYRYKW4,Unspecified,## Not ETF,None,USD,13.63,11.18,13.63,10.37%,9.74,544.66,7604,10.087256188700001,8.274066338199999,10.087256188700001,403.0906057
https://www.hl.co.uk/shares/shares-search-results/a/absci-corp-usd0.0001,Absci Corp USD0.0001,TRUE,ABSI,BN94K69,Unspecified,## Not ETF,None,USD,8.38,2.245,8.38,0%,0,1530000000,564020,6.201849366,1.6614739650500001,6.201849366,1132318560
https://www.hl.co.uk/shares/shares-search-results/a/abundia-global-impact-group-inc-usd0.001,Abundia Global Impact Group Inc USD0.001,TRUE,AGIG,BS55NB7,Unspecified,## Not ETF,None,USD,1.18,0.83,1.18,0%,0,51.21,92202,0.873291438,0.6142643166999999,0.873291438,37.89936826
https://www.hl.co.uk/shares/shares-search-results/a/abvc-biopharma-inc-usd1.001,ABVC Biopharma Inc USD0.001,TRUE,ABVC,BM8K061,Unspecified,## Not ETF,None,USD,1.01,0.7069,1.01,0%,0,28.25,97687,0.747478265,0.523160778,0.747478265,20.90718909
https://www.hl.co.uk/shares/shares-search-results/a/ac-immune-sa-chf0.02,AC Immune SA CHF0.02,TRUE,ACIU,BZC0D70,Unspecified,## Not ETF,None,USD,2.7,2.095,2.7,0%,0,273.77,33443,1.9982092230000001,1.550462342,1.9982092230000001,202.61101443729999
https://www.hl.co.uk/shares/shares-search-results/a/acdc-battery-metals-inc-npv,AC/DC Battery Metals Inc NPV,TRUE,ACDC,BSQLCZ1,Unspecified,## Not ETF,None,CAD,0.03,0.025,0.03,0%,0,1.55,2100,0.016026461,0.013355384,0.016026461,0.828033793
https://www.hl.co.uk/shares/shares-search-results/a/acacia-research-corp-com-stk-usd0.001,Acacia Research Corp COM STK USD0.001,TRUE,ACTG,2169589,Unspecified,## Not ETF,None,USD,4.61,3.13,4.61,0%,33.98,445,61098,3.4117572289000004,2.316442544,3.4117572289000004,329.3344831
https://www.hl.co.uk/shares/shares-search-results/a/academedia-ab-npv,AcadeMedia AB NPV,TRUE,ACAD,BDHFV61,Unspecified,## Not ETF,None,SEK,101,85.5,101,2.30%,9.94,9370000000,120101,7.710217790000001,6.5269665450000005,7.710217790000001,715294462.3000001
https://www.hl.co.uk/shares/shares-search-results/a/academy-sports-and-outdoors-inc-usd0.01,Academy Sports & Outdoors Inc USD0.01,TRUE,ASO,BN7K304,Unspecified,## Not ETF,None,USD,54.91,41.32,54.91,1.11%,9.87,2770000000,881489,40.63765498,30.58000189,40.63765498,2050014647
https://www.hl.co.uk/shares/shares-search-results/a/acadia-healthcare-company-inc-usd0.01,Acadia Healthcare Company Inc USD0.01,TRUE,ACHC,B65VZ37,Unspecified,## Not ETF,None,USD,28.96,11.44,28.96,0%,0,2560000000,290305,21.432644110400002,8.466486485599999,21.432644110400002,1894598374
https://www.hl.co.uk/shares/shares-search-results/a/acadia-pharmaceuticals-com-stk-usd0.0001,Acadia Pharmaceuticals Com Stk USD0.0001,TRUE,ACAD,2713317,Unspecified,## Not ETF,None,USD,27.98,19.69,27.98,0%,12.09,4750000000,385479,20.70736817,14.57212578,20.70736817,3515368078
https://www.hl.co.uk/shares/shares-search-results/a/acanthe-developpement-sa-npv,Acanthe Developpement SA NPV,TRUE,ACAN,7128961,Unspecified,## Not ETF,None,EUR,0.21,0.2,0.21,4.76%,0,34.72,15581,0.18028720709999999,0.17170210200000002,0.18028720709999999,29.80748491
https://www.hl.co.uk/shares/shares-search-results/a/acast-ab-npv,Acast AB NPV,TRUE,ACAST,BN0ZNV7,Unspecified,## Not ETF,None,SEK,33.7,22.75,33.7,0%,0,6160000000,123103,2.5726172230000004,1.736707473,2.5726172230000004,470246946.40000004
https://www.hl.co.uk/shares/shares-search-results/a/accel-entertainment-inc-usd0.0001,Accel Entertainment Inc USD0.0001,TRUE,ACEL,BK7FYL6,Unspecified,## Not ETF,None,USD,11.65,9.55,11.65,0%,19.18,949.15,130839,8.621902758500001,7.06774003,8.621902758500001,702.4445496
https://www.hl.co.uk/shares/shares-search-results/a/acceler8-ventures-plc-ord-gbp0.01,Acceler8 Ventures plc ORD GBP0.01,TRUE,AC8,BNG2DL2,Unspecified,## Not ETF,None,GBX,67.5,67.5,67.5,0%,0,546.42,189955,0.675,0.675,0.675,5.4642
https://www.hl.co.uk/shares/shares-search-results/a/accelerant-holdings-usd0.0001,Accelerant Holdings USD0.0001,TRUE,ARX,BVPDLS5,Unspecified,## Not ETF,None,USD,19.86,9.18,19.86,0%,0,4310000000,350530,14.69793895,6.793911358,14.69793895,3189733982
https://www.hl.co.uk/shares/shares-search-results/a/accelleron-industries-ag-chf1,Accelleron Industries AG CHF1,TRUE,ACLN,BNM73Q6,Unspecified,## Not ETF,None,CHF,74.9,60.7,74.9,2.00%,34.97,7110000000,130172,68.05482458600001,55.1525748,68.05482458600001,6460210985.400001
https://www.hl.co.uk/shares/shares-search-results/a/accelleron-industries-ag-adr,Accelleron Industries AG ADR,TRUE,ACLLY,BP0BQR6,Unspecified,## Not ETF,None,USD,90.59,76.1701,90.59,2.07%,0,0,344,67.04361982,56.371776421049006,67.04361982,0
https://www.hl.co.uk/shares/shares-search-results/a/accendra-health-inc-usd2,Accendra Health Inc USD2,TRUE,ACH,2665128,Unspecified,## Not ETF,None,USD,1.11,0.9338,1.11,0%,0,82.29,160896,0.8214860139000001,0.6910843601619999,0.8214860139000001,60.900976652100006
https://www.hl.co.uk/shares/shares-search-results/a/accentis-npv,Accentis NPV,TRUE,ACCB,5247835,Unspecified,## Not ETF,None,EUR,0.03,0.02,0.03,0%,28.8,34.1,152041,0.025755315299999998,0.01717021,0.025755315299999998,29.27520839
https://www.hl.co.uk/shares/shares-search-results/a/accenture-plc-class-a-usd0.0000225,Accenture plc Class A USD0.0000225,TRUE,ACN,B4BNMY3,Unspecified,## Not ETF,None,USD,179.05,118.15,179.05,3.66%,14.26,1.0758E+11,2875842,132.51087458450002,87.44015544,132.51087458450002,79617536374
https://www.hl.co.uk/shares/shares-search-results/a/access-newswire-inc-usd0.01,ACCESS Newswire Inc USD0.01,TRUE,ACCS,B4603H9,Unspecified,## Not ETF,None,USD,4.89,4.7447,4.89,0%,0,19.1,45071,3.6189789260999996,3.511445667,3.6189789260999996,14.13548006
https://www.hl.co.uk/shares/shares-search-results/a/accesso-technology-group-plc-ordinary-1p,Accesso Technology Group plc Ordinary 1p,TRUE,ACSO,0177142,Unspecified,## Not ETF,None,GBX,310.5,231,310.5,0%,9.46,100.09,18500,3.105,2.31,3.105,1.0009000000000001
https://www.hl.co.uk/shares/shares-search-results/a/acciona-sa-eur1,Acciona SA Eur1,TRUE,ANA,5579107,Unspecified,## Not ETF,None,EUR,207,163.7,207,2.77%,13.01,11390000000,58172,177.7116756,140.5381705,177.7116756,9778434709
https://www.hl.co.uk/shares/shares-search-results/a/acco-brands-corp-com-stk-usd0.01,Acco Brands Corp Com Stk USD0.01,TRUE,ACCO,B0G7SZ5,Unspecified,## Not ETF,None,USD,4.23,2.815,4.23,7.14%,9.12,393.23,144765,3.130527783,2.083318134,3.130527783,291.0206714
https://www.hl.co.uk/shares/shares-search-results/a/accor-eur3,Accor Eur3,TRUE,AC,5852842,Unspecified,## Not ETF,None,EUR,45.94,37.54,45.94,2.95%,25.44,10590000000,548614,39.43997283,32.22848455,39.43997283,9091626301
https://www.hl.co.uk/shares/shares-search-results/a/accsys-technologies-plc-eur0.05,Accsys Technologies plc EUR0.05,TRUE,AXS,BQQG1H7,Unspecified,## Not ETF,None,GBX,68,58.2,68,0%,30.14,173.41,50408,0.68,0.5820000000000001,0.68,1.7341
https://www.hl.co.uk/shares/shares-search-results/a/accuray-inc-com-stk-usd0.001,Accuray Inc Com Stk USD0.001,TRUE,ARAY,B1R2HW6,Unspecified,## Not ETF,None,USD,0.25,0.22,0.25,0%,0,31.29,698394,0.185019373,0.162817048,0.185019373,23.15702466
https://www.hl.co.uk/shares/shares-search-results/a/accustem-sciences-inc-usd0.001,Accustem Sciences Inc USD0.001,FALSE,ACUT,BPVG722,Unspecified,## Not ETF,None,USD,0.17,0.1515,0.17,0%,0,2.57,14894,0.125813173,0.11212174,0.125813173,1.901999149
https://www.hl.co.uk/shares/shares-search-results/a/ace-liberty-and-stone-plc-ord-gbp0.25,Ace Liberty & Stone Plc ORD GBP0.25,TRUE,ALSP,BF01VL5,Unspecified,## Not ETF,None,GBX,40,15,40,0%,0,28.82,0,0.4,0.15,0.4,0.2882
https://www.hl.co.uk/shares/shares-search-results/a/acerinox-sa-ordinary-eur0.25,Acerinox SA Ordinary Eur0.25,TRUE,ACX,B01ZVZ5,Unspecified,## Not ETF,None,EUR,17.61,10.64,17.61,3.52%,0,4390000000,496274,15.11837008,9.134551826400001,15.11837008,3768861139
https://www.hl.co.uk/shares/shares-search-results/a/achieve-life-sciences-inc-usd0.001,Achieve Life Sciences Inc USD0.001,TRUE,ACHV,BLD0Z08,Unspecified,## Not ETF,None,USD,7.38,2.62,7.38,0%,0,806.76,1461951,5.461771876,1.939003024,5.461771876,597.0649158
https://www.hl.co.uk/shares/shares-search-results/a/achilles-investment-company-limited-ord-npv,Achilles Investment Company Limited ORD NPV,TRUE,AIC,BT3GKD0,Trust,## Not ETF,None,GBX,102,93,102,0%,0,55.9,4,1.02,0.93,1.02,0.559
https://www.hl.co.uk/shares/shares-search-results/a/aci-worldwide-inc-com-stk-usd0.005,ACI Worldwide Inc Com Stk USD0.005,TRUE,ACIW,2889155,Unspecified,## Not ETF,None,USD,52.23,38.215,52.23,0%,23.33,5250000000,220205,38.6542473,28.282061280350003,38.6542473,3885406823
https://www.hl.co.uk/shares/shares-search-results/a/ackermans-and-van-haaren-nv-npv,Ackermans & van Haaren NV NPV,TRUE,ACKB,5715774,Unspecified,## Not ETF,None,EUR,268.8,208.2,268.8,1.72%,15.46,8890000000,21925,230.76762508800002,178.7418882,230.76762508800002,7632158434
https://www.hl.co.uk/shares/shares-search-results/a/aclarion-inc-usd0.00001,Aclarion Inc USD0.00001,TRUE,ACON,BTVL0W6,Unspecified,## Not ETF,None,USD,2.57,1.95,2.57,0%,0,7.32,17848,1.901999149,1.443151106,1.901999149,5.417367226800001
https://www.hl.co.uk/shares/shares-search-results/a/aclaris-therapeutics-inc-usd0.00001,Aclaris Therapeutics Inc USD0.00001,TRUE,ACRS,BYV2W40,Unspecified,## Not ETF,None,USD,5.55,1.75,5.55,0%,0,810.33,990110,4.10743007,1.295135608,4.10743007,599.7069925
https://www.hl.co.uk/shares/shares-search-results/a/acm-research-inc-usd0.0001-cl-a,ACM Research Inc USD0.0001 CL A,TRUE,ACMR,BF5C2N2,Unspecified,## Not ETF,None,USD,73.52,28.46,73.52,0%,51.52,5360000000,642811,54.41049706,21.06260537,54.41049706,3966815346
https://www.hl.co.uk/shares/shares-search-results/a/acme-united-corp-usd2.5,Acme United Corp USD2.5,TRUE,ACU,2006329,Unspecified,## Not ETF,None,USD,61.31,35.5,61.31,1.04%,24.37,234.32,27710,45.37415091,26.2727509,45.37415091,173.41495745679998
https://www.hl.co.uk/shares/shares-search-results/a/acomo-nv-eur0.45,Acomo NV EUR0.45,TRUE,ACOMO,4031459,Unspecified,## Not ETF,None,EUR,23.8,22.05,23.8,5.95%,9.69,696.83,12074,20.43255014,18.93015675,20.43255014,598.2358787
https://www.hl.co.uk/shares/shares-search-results/a/acres-commercial-realty-corp-usd0.001,Acres Commercial Realty Corp USD0.001,TRUE,ACR,BNKTVH1,Unspecified,## Not ETF,None,USD,13.53,13.53,13.61,0%,0,185.91,9742,10.01324844,10.01324844,10.07245464,137.5878062
https://www.hl.co.uk/shares/shares-search-results/a/acres-commercial-realty-corp-7.875-red-pre,ACRES Commercial Realty Corp 7.875% Red Pre,TRUE,ACRPRD,BP0XYZ6,Gilts etc,## Not ETF,None,USD,19.97,19.72,19.97,9.86%,0,0,3365,14.77934748,14.594328102799999,14.77934748,0
https://www.hl.co.uk/shares/shares-search-results/a/acres-commercial-realty-corp-8.625-cum-red,ACRES Commercial Realty Corp 8.625% Cum Red,TRUE,ACRPRC,BNKTVK4,Gilts etc,## Not ETF,None,USD,23.62,23.44,23.62,10.17%,0,0,5633,17.480630313800003,17.34741637,17.480630313800003,0
https://www.hl.co.uk/shares/shares-search-results/a/acrivon-therapeutics-inc-usd0.001,Acrivon Therapeutics Inc USD0.001,TRUE,ACRV,BP2TPK4,Unspecified,## Not ETF,None,USD,2.05,1.27,2.05,0%,0,89.99,461585,1.5171588544999999,0.939898412,1.5171588544999999,66.59957333
https://www.hl.co.uk/shares/shares-search-results/a/acs-actividades-de-construccion-ord-eur0.5,ACS Actividades De Construccion Ord Eur0.5,TRUE,ACS,B01FLQ6,Unspecified,## Not ETF,None,EUR,97.4,63.891,97.4,2.40%,47.51,26820000000,337865,83.61892367,54.85109499,83.61892367,23025251878
https://www.hl.co.uk/shares/shares-search-results/a/actinium-pharmaceuticals-inc-usd0.001,Actinium Pharmaceuticals Inc USD0.001,TRUE,ATNM,BLFH013,Unspecified,## Not ETF,None,USD,1.31,0.7351,1.31,0%,0,38.67,237966,0.969501512,0.544030963,0.969501512,28.61879654
https://www.hl.co.uk/shares/shares-search-results/a/active-biotech-ab-npv,Active Biotech AB NPV,TRUE,ACTI,BWFCFZ4,Unspecified,## Not ETF,None,SEK,4.51,3.7,4.51,0%,0,118.75,41717,0.344287943,0.28245352300000004,0.344287943,9.065231313
https://www.hl.co.uk/shares/shares-search-results/a/active-energy-group-plc-ord-gbp0.0035,Active Energy Group plc ORD GBP0.0035,TRUE,AEG,BPG7NS8,Unspecified,## Not ETF,None,GBX,0.08,0.0625,0.08,0%,0,5.61,17786138,0.0008,0.000625,0.0008,0.056100000000000004
https://www.hl.co.uk/shares/shares-search-results/a/activeops-plc-ord-gbp0.001,ActiveOps plc ORD GBP0.001,TRUE,AOM,BLH37Y1,Unspecified,## Not ETF,None,GBX,185,168.5,185,0%,177.88,140.06,343179,1.85,1.685,1.85,1.4006
https://www.hl.co.uk/shares/shares-search-results/a/acuity-inc-usd0.01,Acuity Inc USD0.01,TRUE,AYI,2818461,Unspecified,## Not ETF,None,USD,320.35,257.31,320.35,0.25%,22.99,9600000000,49245,237.08382392150003,190.429339,237.08382392150003,7104743904
https://www.hl.co.uk/shares/shares-search-results/a/acuity-rm-group-plc-ord-gbp0.001,Acuity RM Group plc ORD GBP0.001,TRUE,ACRM,BR0WHY7,Unspecified,## Not ETF,None,GBX,0.83,0.625,0.83,0%,0,3.32,11244161,0.0083,0.00625,0.0083,0.0332
https://www.hl.co.uk/shares/shares-search-results/a/acumen-pharmaceuticals-inc-usd0.0001,Acumen Pharmaceuticals Inc USD0.0001,TRUE,ABOS,BLR8WK7,Unspecified,## Not ETF,None,USD,2.93,1.21,2.93,0%,0,228.52,120314,2.168427046,0.8954937628999999,2.168427046,169.12250801480002
https://www.hl.co.uk/shares/shares-search-results/a/acurx-pharmaceuticals-inc-usd0.001,Acurx Pharmaceuticals Inc USD0.001,TRUE,ACXP,BSQLWJ5,Unspecified,## Not ETF,None,USD,1.41,1.31,1.41,0%,0,7.66,64705,1.0435092608999998,0.969501512,1.0435092608999998,5.668993573
https://www.hl.co.uk/shares/shares-search-results/a/acushnet-holdings-corp-usd0.001,Acushnet Holdings Corp USD0.001,TRUE,GOLF,BD3WG50,Unspecified,## Not ETF,None,USD,86.68,73.38,86.68,1.20%,24.45,5000000000,92689,64.14991683320001,54.30688622,64.14991683320001,3700387450
https://www.hl.co.uk/shares/shares-search-results/a/acv-auctions-inc-usd0.001-a,ACV Auctions Inc USD0.001 A,TRUE,ACVA,BMFPJK6,Unspecified,## Not ETF,None,USD,10.46,4.065,10.46,0%,0,1250000000,114834962,7.741210545,3.0084149968500005,7.741210545,925096862.5
https://www.hl.co.uk/shares/shares-search-results/a/adagio-medical-holdings-inc-usd0.0001,Adagio Medical Holdings Inc USD0.0001,TRUE,ADGM,BRJGQT8,Unspecified,## Not ETF,None,USD,0.56,0.363,0.56,0%,0,13.49,27198,0.41444339440000005,0.268648129,0.41444339440000005,9.98364534
https://www.hl.co.uk/shares/shares-search-results/a/adalan-ventures-plc-ord-gbp1.01,Adalan Ventures plc ORD GBP0.01,TRUE,ZAIM,BMXTZ46,Unspecified,## Not ETF,None,GBX,0,0,4.5,0%,0,3.48,0,0,0,0.045,0.0348
https://www.hl.co.uk/shares/shares-search-results/a/adamas-trust-inc-7.875-cum-red-pref-series,Adamas Trust Inc 7.875% CUM RED Pref Series,TRUE,ADAMM,BKVHQL2,Unspecified,## Not ETF,None,USD,25.62,23.85,25.62,10.34%,0,872.73,826,18.96078529,17.650848136500002,18.96078529,645.8878278
https://www.hl.co.uk/shares/shares-search-results/a/adamas-trust-inc-8-cum-red-pref-series-d,Adamas Trust Inc 8% CUM RED Pref Series D,TRUE,ADAMN,BF2FGW1,Unspecified,## Not ETF,None,USD,24.79,21.1,24.79,8.13%,0,872.73,10619,18.34652098,15.61563504,18.34652098,645.8878278
https://www.hl.co.uk/shares/shares-search-results/a/adamas-trust-inc-usd0.01,Adamas Trust Inc USD0.01,TRUE,ADAM,BR4NQJ4,Unspecified,## Not ETF,None,USD,9.25,6.45,9.25,11.26%,7.88,872.73,305595,6.845716783,4.773499811,6.845716783,645.8878278
https://www.hl.co.uk/shares/shares-search-results/a/adamas-trust-inc-6.875-red-pref-series-f,Adamas Trust Inc 6.875% Red Pref Series F,TRUE,ADAML,BMC4Z64,Gilts etc,## Not ETF,None,USD,24.91,21.95,24.91,6.89%,0,0,8994,18.43533028,16.24470091,18.43533028,0
https://www.hl.co.uk/shares/shares-search-results/a/adamera-minerals-corp-npv,Adamera Minerals Corp NPV,TRUE,ADZ,BSB7R71,Unspecified,## Not ETF,None,CAD,0.2,0.05,0.2,0%,0,12.83,62005,0.10684307,0.026710768,0.10684307,6.853982941
https://www.hl.co.uk/shares/shares-search-results/a/adams-diversified-equity-fund-com-stock,Adams Diversified Equity Fund Com Stock,FALSE,ADX,2007203,Unspecified,## Not ETF,None,USD,25.72,20.94,25.72,7.49%,6.58,3240000000,50112,19.03479304,15.49722264,19.03479304,2397851068
https://www.hl.co.uk/shares/shares-search-results/a/adapthealth-corp-usd0.0001,AdaptHealth Corp USD0.0001,TRUE,AHCO,BKDRF35,Unspecified,## Not ETF,None,USD,5.95,5.21,5.95,0%,45.19,843.97,2082098,4.403461066,3.855803723,4.403461066,624.6031992
https://www.hl.co.uk/shares/shares-search-results/a/adaptimmune-therapeutics-plc-ads,Adaptimmune Therapeutics plc ADS,FALSE,ADAPY,BWY4XV3,Unspecified,## Not ETF,None,USD,0.02,0.0001,0.02,0%,0,6.14,94493,0.014801549800000001,7.4007749E-05,0.014801549800000001,4.544075789
https://www.hl.co.uk/shares/shares-search-results/a/adaptive-biotechnologies-corp-usd0.0001,Adaptive Biotechnologies Corp USD0.0001,TRUE,ADPT,BJ5FZ74,Unspecified,## Not ETF,None,USD,24.72,12,24.72,0%,0,3880000000,657564,18.29471555,8.88092988,18.29471555,2871500661
https://www.hl.co.uk/shares/shares-search-results/a/adc-therapeutics-sa-chf0.064,ADC Therapeutics SA CHF0.064,TRUE,ADCT,BK6H4Z7,Unspecified,## Not ETF,None,USD,1.13,0.7796,1.13,0%,0,155.75,988997,0.8362875636999999,0.576964411,0.8362875636999999,115.2670691
https://www.hl.co.uk/shares/shares-search-results/a/addentax-group-corp-usd0.001,Addentax Group Corp USD0.001,TRUE,ATXG,BWTYYY8,Unspecified,## Not ETF,None,USD,3.5,2.91,3.5,0%,0,4.05,10701,2.590271215,2.153625496,2.590271215,2.997313835
https://www.hl.co.uk/shares/shares-search-results/a/addex-therapeutics-ltd-chf1-regd,Addex Therapeutics Ltd CHF1 (REGD),TRUE,ADXN,B1XDPW9,Unspecified,## Not ETF,None,CHF,0.02,0.02,0.023,0%,0,5.34,883456,0.018172182800000002,0.018172182800000002,0.02089801,4.851972808
https://www.hl.co.uk/shares/shares-search-results/a/addiko-bank-ag-npv,Addiko Bank AG NPV,TRUE,ADKO,BJGS8T5,Unspecified,## Not ETF,None,EUR,25.2,0,25.2,0%,9.18,491.4,222,21.63446485,0,21.63446485,421.8720646
https://www.hl.co.uk/shares/shares-search-results/a/addlife-ab-npv-b,AddLife AB NPV B,TRUE,ALIF B,BMVWYM8,Unspecified,## Not ETF,None,SEK,155.1,130.2,155.1,0.98%,36.25,18070000000,157026,11.84014633,9.939310458,11.84014633,1379441935
https://www.hl.co.uk/shares/shares-search-results/a/addnode-group-ab-npv-b,Addnode Group AB NPV B,TRUE,ANOD B,BLDB374,Unspecified,## Not ETF,None,SEK,47.15,30.95,47.15,2.44%,16.15,6250000000,246414,3.5993739485000003,2.362685551,3.5993739485000003,477117437.5
https://www.hl.co.uk/shares/shares-search-results/a/addtech-ab-npv-b,Addtech AB NPV B,TRUE,ADDT B,BLN8T44,Unspecified,## Not ETF,None,SEK,325.4,283.2,325.4,1.11%,41.69,84430000000,277168,24.84064227,21.619145328000002,24.84064227,6445284039.700001
https://www.hl.co.uk/shares/shares-search-results/a/addus-homecare-corp-usd0.001,Addus Homecare Corp USD0.001,TRUE,ADUS,B55BN47,Unspecified,## Not ETF,None,USD,119.5,88.03,119.5,0%,20.76,2230000000,47125,88.43926006,65.14902144,88.43926006,1650372803
https://www.hl.co.uk/shares/shares-search-results/a/adecco-group-ag-ord-chf1.00,Adecco Group AG Ord CHF1.00,TRUE,ADEN,7110720,Unspecified,## Not ETF,None,CHF,24,14.54,24,4.16%,13.04,4179999999.9999995,552497,21.80661936,13.2111769,21.80661936,3797986205
https://www.hl.co.uk/shares/shares-search-results/a/adecoagro-sa-usd1.5,Adecoagro SA / USD1.5,TRUE,AGRO,B65BNQ6,Unspecified,## Not ETF,None,USD,12.09,6.895,12.09,1.97%,0,1800000000,215504,8.947536854099999,5.102834294,8.947536854099999,1332139482
https://www.hl.co.uk/shares/shares-search-results/a/adeia-inc-usd0.001,Adeia Inc USD0.001,TRUE,ADEA,BPMQ8J5,Unspecified,## Not ETF,None,USD,26.81,11.62,26.81,0.76%,23.07,3000000000,201057,19.84147751,8.599700433799999,19.84147751,2220232470
https://www.hl.co.uk/shares/shares-search-results/a/adex-mining-inc-npv,Adex Mining Inc NPV,TRUE,ADE,B23D9C4,Unspecified,## Not ETF,None,CAD,0.1,0.015,0.1,0%,0,64.34,10094,0.053421535,0.00801323,0.053421535,34.37141562
https://www.hl.co.uk/shares/shares-search-results/a/adi-global-distribution-inc-usd0.001,ADI Global Distribution Inc USD0.001,TRUE,ADIG,BWL8631,Unspecified,## Not ETF,None,USD,21.43,19.9,21.43,0%,0,0,713785,15.85986061,14.727542050999999,15.85986061,0
https://www.hl.co.uk/shares/shares-search-results/a/adial-pharmaceuticals-inc-usd0.001,Adial Pharmaceuticals Inc USD0.001,TRUE,ADIL,BMXG8T3,Unspecified,## Not ETF,None,USD,6.06,1.31,6.06,0%,0,17.46,108475,4.484869589,0.969501512,4.484869589,12.92175298
https://www.hl.co.uk/shares/shares-search-results/a/adicet-bio-inc-usd1.0001,Adicet Bio Inc USD0.0001,TRUE,ACET,BVJ71P0,Unspecified,## Not ETF,None,USD,9.65,6.01,9.65,0%,0,89.22,119504,7.141747779,4.447865715,7.141747779,66.02971366
https://www.hl.co.uk/shares/shares-search-results/a/adidas-ag-npv,Adidas AG NPV,TRUE,ADS,4031976,Unspecified,## Not ETF,None,EUR,142,130.05,142,1.91%,19.02,25730000000,859,121.9084924,111.64929182550001,121.9084924,22089475422
https://www.hl.co.uk/shares/shares-search-results/a/adient-plc-usd0.001,Adient Plc USD0.001,TRUE,ADNT,BD845X2,Unspecified,## Not ETF,None,USD,19.16,17.72,19.16,0%,282.65,1410000000,279138,14.17988471,13.114173122799999,14.17988471,1043509261
https://www.hl.co.uk/shares/shares-search-results/a/adler-group-sa-npv,Adler Group SA NPV,TRUE,ADJ,BYNXBZ5,Unspecified,## Not ETF,None,EUR,0.1,0.098,0.1,0%,0,15.95,0,0.085851051,0.08413403,0.085851051,13.693242634499999
https://www.hl.co.uk/shares/shares-search-results/a/adm-energy-plc-ord-gbp0.01,ADM Energy plc ORD GBP0.01,TRUE,ADME,BJFDXW9,Unspecified,## Not ETF,None,GBX,0,0,0.0125,0%,1.25,600743,0,0,0,0.000125,6007.43
https://www.hl.co.uk/shares/shares-search-results/a/adma-biologics-inc-usd0.0001,ADMA Biologics Inc USD0.0001,TRUE,ADMA,B9NSBM2,Unspecified,## Not ETF,None,USD,9.42,7.22,9.42,0%,15.11,2140000000.0000002,764710,6.971529956,5.343359478,6.971529956,1583765828.6000001
https://www.hl.co.uk/shares/shares-search-results/a/admicom-oyj-npv,Admicom Oyj NPV,TRUE,ADMCM,BDZW7H7,Unspecified,## Not ETF,None,EUR,26.55,23.6,26.55,1.20%,13.73,130.13,10237,22.793454040500002,20.260848036000002,22.793454040500002,111.7179727
https://www.hl.co.uk/shares/shares-search-results/a/admiral-group-ord-gbp0.01,Admiral Group Ord GBP0.01,TRUE,ADM,B02J639,Unspecified,## Not ETF,None,GBX,3802,2626,3802,4.19%,15.3,11320000000,352967,38.02,26.26,38.02,113200000
https://www.hl.co.uk/shares/shares-search-results/a/adnams-plc-ordinary-gbp1.00-b-shares,Adnams plc Ordinary GBP1.00 B Shares,TRUE,ADB,0007584,Unspecified,## Not ETF,None,GBX,1600,1200,1600,0%,0,4.57,0,16,12,16,0.045700000000000005
https://www.hl.co.uk/shares/shares-search-results/a/adobe-inc-comm-stk-us$.0001,Adobe Inc Comm Stk US$.0001,TRUE,ADBE,2008154,Unspecified,## Not ETF,None,USD,242.44,190.22,242.44,0%,15.11,1.0226E+11,2902263,179.4243867,140.7775401,179.4243867,75680324127
https://www.hl.co.uk/shares/shares-search-results/a/adocia-eur0.10,Adocia EUR0.10,TRUE,ADOC,B43XG38,Unspecified,## Not ETF,None,EUR,3.77,3.61,3.77,0%,0,76.96,127275,3.236584623,3.099222941,3.236584623,66.07096884959999
https://www.hl.co.uk/shares/shares-search-results/a/ads-tec-energy-plc-usd0.0001,Ads-Tec Energy plc USD0.0001,TRUE,ADSE,BP9PKK0,Unspecified,## Not ETF,None,USD,11.35,7.89,11.35,0%,0,872.07,11928,8.399879512,5.839211396,8.399879512,645.3993767
https://www.hl.co.uk/shares/shares-search-results/a/adsure-services-plc-ord-gbp0.005,Adsure Services Plc ORD GBP0.005,TRUE,ADS,BNQNGK5,Unspecified,## Not ETF,None,GBX,32.5,25.1,32.5,4.40%,0,3.44,0,0.325,0.251,0.325,0.0344
https://www.hl.co.uk/shares/shares-search-results/a/adt-inc-npv,ADT Inc NPV,TRUE,ADT,BFWCP81,Unspecified,## Not ETF,None,USD,7.08,6.24,7.08,3.14%,10.23,5150000000,2915527,5.239748629,4.6180835376000005,5.239748629,3811399074
https://www.hl.co.uk/shares/shares-search-results/a/adtran-holdings-inc-usd0.01,ADTRAN Holdings Inc USD0.01,TRUE,ADTN,BPLJ828,Unspecified,## Not ETF,None,USD,7.33,7.03,7.33,0%,0,617.63,487431,5.424768002,5.202744755,5.424768002,457.0940601
https://www.hl.co.uk/shares/shares-search-results/a/adtran-networks-se-npv,Adtran Networks SE NPV,TRUE,ADV,5653487,Unspecified,## Not ETF,None,EUR,22.8,21,22.8,2.31%,0,1190000000,0,19.57403963,18.02872071,19.57403963,1021627507
https://www.hl.co.uk/shares/shares-search-results/a/advance-auto-parts-inc-com-stk-usd0.0001,Advance Auto Parts Inc Com Stk USD0.0001,TRUE,AAP,2822019,Unspecified,## Not ETF,None,USD,44.08,37.9,44.08,2.31%,11.46,2620000000,402996,32.62261576,28.04893687,32.62261576,1939003024
https://www.hl.co.uk/shares/shares-search-results/a/advanced-drainage-system-inc-usd0.01,Advanced Drainage System Inc USD0.01,TRUE,WMS,BP7RS59,Unspecified,## Not ETF,None,USD,128.76,126.41,128.76,0.63%,19.31,9940000000,199252,95.29237761239999,93.55319551,95.29237761239999,7356370251
https://www.hl.co.uk/shares/shares-search-results/a/advanced-energy-industries-com-stk-usd0.001,Advanced Energy Industries Com Stk USD0.001,TRUE,AEIS,2049175,Unspecified,## Not ETF,None,USD,280.28,155.25,280.28,0.15%,55.03,11560000000,118509,207.4289189,114.8970303,207.4289189,8555295784
https://www.hl.co.uk/shares/shares-search-results/a/advanced-medical-solutions-group-ord-5p,Advanced Medical Solutions Group Ord 5p,TRUE,AMS,0453659,Unspecified,## Not ETF,None,GBX,281,187,281,1.02%,23.41,610.38,1844585,2.81,1.87,2.81,6.1038
https://www.hl.co.uk/shares/shares-search-results/a/advanced-micro-devices-inc-usd0.01,Advanced Micro Devices Inc USD0.01,TRUE,AMD,2007849,Unspecified,## Not ETF,None,USD,510.5,149.85,510.5,0%,195,8.2561E+11,4897074,377.8095586,110.9006119,377.8095586,6.11015E+11
https://www.hl.co.uk/shares/shares-search-results/a/advancedadvt-limited-ord-npv-di,AdvancedAdvT Limited ORD NPV (DI),TRUE,ADVT,BMYLGW6,Unspecified,## Not ETF,None,GBX,172.5,139,172.5,0%,57.5,226.36,25225,1.725,1.3900000000000001,1.725,2.2636000000000003
https://www.hl.co.uk/shares/shares-search-results/a/advansix-inc-usd0.01,AdvanSix Inc USD0.01,TRUE,ASIX,BYMMZL7,Unspecified,## Not ETF,None,USD,16.91,14.1,16.91,3.80%,8.11,454.7,161308,12.51471036,10.43509261,12.51471036,336.51323470299997
https://www.hl.co.uk/shares/shares-search-results/a/advantage-energy-ltd-npv,Advantage Energy Ltd NPV,TRUE,AAV,BNW0WP7,Unspecified,## Not ETF,None,CAD,10.71,9.185,10.71,0%,33.91,1820000000,498018,5.721446399,4.9067679897500005,5.721446399,972271937
https://www.hl.co.uk/shares/shares-search-results/a/advantage-solutions-inc-usd0.0001,Advantage Solutions Inc USD0.0001,TRUE,ADV,BTZS1P3,Unspecified,## Not ETF,None,USD,33.1,12.2325,33.1,0%,6.91,418.39,14666,24.49656492,9.052997896,24.49656492,309.641021
https://www.hl.co.uk/shares/shares-search-results/a/adyen-ord,Adyen Ord,TRUE,ADYEN,BZ1HM42,Unspecified,## Not ETF,None,EUR,922.9,772.4,922.9,0%,27.52,29120000000,128120,792.3193497,663.1135179,792.3193497,24999826051
https://www.hl.co.uk/shares/shares-search-results/a/adyton-resources-corporation-npv,Adyton Resources Corporation NPV,TRUE,ADY,BLB4YR2,Unspecified,## Not ETF,None,CAD,0.32,0.19,0.32,0%,0,99,28000,0.170948912,0.101500917,0.170948912,52.887319649999995
https://www.hl.co.uk/shares/shares-search-results/a/aebi-schmidt-holding-ag-usd1,Aebi Schmidt Holding AG USD1,TRUE,AEBI,BRJHSC8,Unspecified,## Not ETF,None,USD,12.18,8.91,12.18,0.83%,15.93,966.16,92760,9.014143828,6.594090436,9.014143828,715.0332677
https://www.hl.co.uk/shares/shares-search-results/a/aecom-technology-corporation-com-stk-usd,Aecom Technology Corporation Com Stk USD,TRUE,ACM,B1VZ431,Unspecified,## Not ETF,None,USD,63.27,60.35,63.27,1.97%,12.37,8240000000,255701,46.82470279,44.66367652,46.82470279,6098238518
https://www.hl.co.uk/shares/shares-search-results/a/aecon-group-inc-com-npv,Aecon Group Inc Com Npv,TRUE,ARE,2699547,Unspecified,## Not ETF,None,CAD,46.38,21.04,46.38,1.66%,946.73,3250000000,623532,24.77690793,11.239890963999999,24.77690793,1736199888
https://www.hl.co.uk/shares/shares-search-results/a/aedas-homes-sa-eur1,Aedas Homes SA Eur1,TRUE,AEDAS,BYP70L4,Unspecified,## Not ETF,None,EUR,21.35,20.8,21.35,5.63%,15.9,943.92,10749,18.32919939,17.85701861,18.32919939,810.3652406
https://www.hl.co.uk/shares/shares-search-results/a/aedifica-nv-npv,Aedifica NV NPV,TRUE,AED,B1G5XP1,Unspecified,## Not ETF,None,EUR,65.7,59.5,65.7,6.08%,11.64,6100000000,89302,56.40414051,51.08137535,56.40414051,5236914111
https://www.hl.co.uk/shares/shares-search-results/a/aegon-ltd-eur-0.12,Aegon Ltd EUR 0.12,TRUE,AGN,BPH0Y27,Unspecified,## Not ETF,None,EUR,7.87,5.77,7.87,5.37%,12.49,12300000000,2903565,6.756477714,4.9536056426999995,6.756477714,10559679273
https://www.hl.co.uk/shares/shares-search-results/a/aehr-test-systems-usd0.01,Aehr Test Systems USD0.01,TRUE,AEHR,2096977,Unspecified,## Not ETF,None,USD,96.16,18.7,96.16,0%,0,2960000000,2943059,71.16585144,13.83944906,71.16585144,2190629370
https://www.hl.co.uk/shares/shares-search-results/a/aeluma-inc-usd0.0001,Aeluma Inc USD0.0001,TRUE,ALMU,BPBPG77,Unspecified,## Not ETF,None,USD,13.52,10.24,13.52,0%,0,243.64,297558,10.00584766,7.5783934976000005,10.00584766,180.3124797
https://www.hl.co.uk/shares/shares-search-results/a/aemetis-inc-usd0.001,Aemetis Inc USD0.001,TRUE,AMTX,B9KR326,Unspecified,## Not ETF,None,USD,2.03,1.31,2.03,0%,0,127.02,199734,1.5023573046999998,0.969501512,1.5023573046999998,94.00464278
https://www.hl.co.uk/shares/shares-search-results/a/aena-sme-sa-eur1,Aena SME SA EUR1,TRUE,AENA,BTMKJR0,Unspecified,## Not ETF,None,EUR,24.54,21.96,24.54,4.45%,17.5,36780000000,980252,21.067847915399998,18.8528908,21.067847915399998,31576016558
https://www.hl.co.uk/shares/shares-search-results/a/aeon-biopharma-inc-usd0.0001-a,AEON Biopharma Inc USD0.0001 A,TRUE,AEON,BTMP931,Unspecified,## Not ETF,None,USD,0.3,0.1772,0.3,0%,0,14.47,30110001,0.222023247,0.131141731,0.222023247,10.70892128
https://www.hl.co.uk/shares/shares-search-results/a/aeorema-communications-plc-ord-12.5p,Aeorema Communications Plc Ord 12.5p,TRUE,AEO,B4QHH45,Unspecified,## Not ETF,None,GBX,64.5,53,64.5,1.55%,51.19,6.04,3,0.645,0.53,0.645,0.0604
https://www.hl.co.uk/shares/shares-search-results/a/aep-plantations-plc-gbp0.025,AEP Plantations Plc GBP0.025,TRUE,AEP,BWPD4D8,Unspecified,## Not ETF,None,GBX,197.6,141,197.6,3.14%,11.47,739.85,281115,1.976,1.41,1.976,7.3985
https://www.hl.co.uk/shares/shares-search-results/a/aercap-holdings-nv-eur0.01,Aercap Holdings NV EUR0.01,TRUE,AER,B1HHKD3,Unspecified,## Not ETF,None,USD,142.17,118.98,142.17,1.14%,13.5,21770000000,269946,105.2168168,88.05441976,105.2168168,16111486957
https://www.hl.co.uk/shares/shares-search-results/a/aeroports-de-paris-eur3,Aeroports de Paris EUR3,TRUE,ADP,B164FY1,Unspecified,## Not ETF,None,EUR,109,98.35,109,2.77%,28.65,10720000000,122114,93.57764559,84.43450866,93.57764559,9203232667
https://www.hl.co.uk/shares/shares-search-results/a/aerovironment-inc-usd0.0001,AeroVironment Inc USD0.0001,TRUE,AVAV,B1P5YY8,Unspecified,## Not ETF,None,USD,145.91,135.21,145.91,0%,0,7560000000,1323873,107.9847066,100.0658774,107.9847066,5594985824
https://www.hl.co.uk/shares/shares-search-results/a/aersale-corp-usd0.0001,AerSale Corp USD0.0001,TRUE,ASLE,BN2RY85,Unspecified,## Not ETF,None,USD,5.43,5.27,5.43,0%,30.87,271.57,390998,4.018620771,3.900208372,4.018620771,200.982844
https://www.hl.co.uk/shares/shares-search-results/a/aes-corporation-com-stock-usd-0.01,AES Corporation Com Stock USD 0.01,TRUE,AES,2002479,Unspecified,## Not ETF,None,USD,14.81,12.34,14.81,4.76%,6.83,10570000000,3242467,10.96054763,9.132556227,10.96054763,7822619069
https://www.hl.co.uk/shares/shares-search-results/a/aeva-technologies-inc-usd1.0001,Aeva Technologies Inc USD0.0001,TRUE,AEVA,BSB8D21,Unspecified,## Not ETF,None,USD,15.27,8.84,15.27,0%,0,1130000000,501099,11.30098327,6.542285012,11.30098327,836287563.7
https://www.hl.co.uk/shares/shares-search-results/a/aevex-corp-usd0.0001-a,Aevex Corp USD0.0001 A,TRUE,AVEX,BVPKF40,Unspecified,## Not ETF,None,USD,16.46,13.07,16.46,0%,0,2020000000,2630893,12.181675485400001,9.672812794,12.181675485400001,1494956530
https://www.hl.co.uk/shares/shares-search-results/a/aew-uk-reit-plc-ordinary-1p,AEW UK REIT plc Ordinary 1p,TRUE,AEWU,BWD2415,Trust,## Not ETF,Investment Property Held For Sale (14.35104%),GBX,103.8,95.9,103.8,7.84%,16.27833,163.4,215517,1.038,0.9590000000000001,1.038,1.6340000000000001
https://www.hl.co.uk/shares/shares-search-results/a/aeye-inc-usd1.0001-a,AEye Inc USD0.0001 A,TRUE,LIDR,BMFKSC6,Unspecified,## Not ETF,None,USD,1.29,1.01,1.29,0%,0,61.83,483295,0.9546999621000001,0.747478265,0.9546999621000001,45.758991206699996
https://www.hl.co.uk/shares/shares-search-results/a/afc-ajax-nv-euro.45,AFC Ajax NV EURO.45,TRUE,AJAX,5458295,Unspecified,## Not ETF,None,EUR,8.8,8.1,8.8,0%,0,162.07,6076,7.554892488000001,6.953935131,7.554892488000001,139.1387984
https://www.hl.co.uk/shares/shares-search-results/a/afentra-plc-ordinary-10p,Afentra plc Ordinary 10p,TRUE,AET,B4X3Q49,Unspecified,## Not ETF,None,GBX,82,36.7,82,0%,0,226.71,1631453,0.8200000000000001,0.36700000000000005,0.8200000000000001,2.2671
https://www.hl.co.uk/shares/shares-search-results/a/affiliated-managers-group-inc-us$0.01,Affiliated Managers Group Inc US$0.01,TRUE,AMG,2127899,Unspecified,## Not ETF,None,USD,360.43,230.26,360.43,0.01%,16.38,9200000000,43680,266.7461297,170.41024284739999,266.7461297,6808712908
https://www.hl.co.uk/shares/shares-search-results/a/affimed-nv-eur0.1,Affimed NV EUR0.1,FALSE,AFMDQ,BMTXL55,Unspecified,## Not ETF,None,USD,0,0,0,0%,0,1520,35,0,0,0,1124.917785
https://www.hl.co.uk/shares/shares-search-results/a/affirm-holdings-inc-usd0.00001-a,Affirm Holdings Inc USD0.00001 A,TRUE,AFRM,BMF9NM8,Unspecified,## Not ETF,None,USD,68.63,42.1,68.63,0%,12.92,24320000000,1195327,50.79151814,31.15726233,50.79151814,17998684557
https://www.hl.co.uk/shares/shares-search-results/a/aflac-inc-com-stk-usd0.10,AFLAC Inc Com STK USD0.10,TRUE,AFL,2026361,Unspecified,## Not ETF,None,USD,115.72,105.51,115.72,2.13%,16.46,57520000000,608625,85.64176714,78.08557597,85.64176714,42569257225
https://www.hl.co.uk/shares/shares-search-results/a/african-pioneer-plc-ord-npv,African Pioneer plc Ord NPV,TRUE,AFP,B8C0HK2,Unspecified,## Not ETF,None,GBX,2.3,0.725,2.3,0%,0,12.9,28129000,0.023,0.00725,0.023,0.129
https://www.hl.co.uk/shares/shares-search-results/a/afya-ltd-usd0.00005-a,Afya Ltd USD0.00005 A,TRUE,AFYA,BKF9D57,Unspecified,## Not ETF,None,USD,13.59,13.01,13.59,4.84%,8.26,1260000000,150439,10.05765309,9.628408145,10.05765309,932497637.4
https://www.hl.co.uk/shares/shares-search-results/a/ag-growth-international-inc-npv,Ag Growth International Inc NPV,TRUE,AFN,B545BK2,Unspecified,## Not ETF,None,CAD,13.98,12.46,13.98,0%,65.39,268.4,70092,7.468330593,6.656323261,7.468330593,143.38339993999998
https://www.hl.co.uk/shares/shares-search-results/a/agape-atp-corp-usd1.0001,Agape ATP Corp USD0.0001,TRUE,ATPC,BVLNNH2,Unspecified,## Not ETF,None,USD,2.36,1.7207,2.36,0%,0,2.37,4311,1.746582876,1.2734513370429998,1.746582876,1.753983651
https://www.hl.co.uk/shares/shares-search-results/a/ageagle-aerial-systems-inc-usd0.001,AgEagle Aerial Systems Inc USD0.001,TRUE,UAVS,BPSRCN4,Unspecified,## Not ETF,None,USD,1,0.6541,1,0%,0,67.94,917968,0.74007749,0.484084686,0.74007749,50.280864670599996
https://www.hl.co.uk/shares/shares-search-results/a/ageas-sa-npv,Ageas SA NPV,TRUE,AGS,B86S2N0,Unspecified,## Not ETF,None,EUR,74.55,55.85,74.55,5.07%,7.94,15820000000,179085,64.00195852,47.94781198,64.00195852,13581636268
https://www.hl.co.uk/shares/shares-search-results/a/agenus-inc-usd0.01,Agenus Inc USD0.01,TRUE,AGEN,BRJF7G9,Unspecified,## Not ETF,None,USD,6.93,2.71,6.93,0%,0,334.5,790464,5.128737006,2.005609998,5.128737006,247.5559204
https://www.hl.co.uk/shares/shares-search-results/a/agfa-gevaert-nv-ordinary-npv,Agfa-gevaert Nv Ordinary NPV,TRUE,AGFB,5689051,Unspecified,## Not ETF,None,EUR,0.43,0.37,0.43,0%,0,62.47,54697,0.369159519,0.317648889,0.369159519,53.63115156
https://www.hl.co.uk/shares/shares-search-results/a/agilent-technologies-inc-comm-stk-us$.01,Agilent Technologies Inc Comm Stk US$.01,TRUE,A,2520153,Unspecified,## Not ETF,None,USD,144.48,108.51,144.48,0.71%,29.43,40810000000,508269,106.92639575519999,80.30580844,106.92639575519999,30202562367
https://www.hl.co.uk/shares/shares-search-results/a/agilon-health-inc-usd0.25,Agilon Health Inc USD0.25,TRUE,AGL,BWBR5L9,Unspecified,## Not ETF,None,USD,94.71,7.48,94.71,0%,0,1550000000,153192,70.09273907789999,5.535779625,70.09273907789999,1147120110
https://www.hl.co.uk/shares/shares-search-results/a/agilysys-inc-npv,Agilysys Inc NPV,TRUE,AGYS,2689162,Unspecified,## Not ETF,None,USD,106.41,61.61,106.41,0%,90.3,3050000000,61971,78.75164571,45.59617416,78.75164571,2257236345
https://www.hl.co.uk/shares/shares-search-results/a/agilyx-asa-nok1,Agilyx ASA NOK1,TRUE,AGLX,BMTV7F1,Unspecified,## Not ETF,None,NOK,16.5,11.8,16.5,0%,0,2089999999.9999998,22828,1.31381151,0.9395742920000001,1.31381151,166416124.6
https://www.hl.co.uk/shares/shares-search-results/a/agios-pharmaceuticals-inc-usd0.001,Agios Pharmaceuticals Inc USD0.001,TRUE,AGIO,BCBVTX1,Unspecified,## Not ETF,None,USD,33.94,22.24,33.94,0%,0,2000000000,291060,25.118230010599998,16.45932338,25.118230010599998,1480154980
https://www.hl.co.uk/shares/shares-search-results/a/agm-group-holdings-inc-usd1.001,AGM Group Holdings Inc USD0.001,TRUE,AGMH,BMVFBG0,Unspecified,## Not ETF,None,USD,0.87,0.701,0.87,0%,0,3.26,9582,0.643867416,0.51879432,0.643867416,2.412652617
https://www.hl.co.uk/shares/shares-search-results/a/agnc-investment-corp-usd0.01,AGNC Investment Corp USD0.01,TRUE,AGNC,BYYHJL8,Unspecified,## Not ETF,None,USD,10.27,9.63,10.27,14.13%,6.89,12080000000,4333916,7.600595822,7.1269462287000005,7.600595822,8940136079
https://www.hl.co.uk/shares/shares-search-results/a/agnico-eagle-mines-com-npv,Agnico Eagle Mines Com NPV,TRUE,AEM,2009823,Unspecified,## Not ETF,None,CAD,277.35,188.48,277.35,0.90%,23.28,1.4128E+11,626425,148.1646273,100.6889092,148.1646273,75473944648
https://www.hl.co.uk/shares/shares-search-results/a/agnt-inc-usd0.00001,AGNT Inc USD0.00001,TRUE,AGNT,BDH2902,Unspecified,## Not ETF,None,USD,3.81,3.61,3.81,5.33%,0,665.13,1482344,2.819695237,2.671679739,2.819695237,492.2477409
https://www.hl.co.uk/shares/shares-search-results/a/agora-inc-ads-each-represents-a-ord-shs,Agora Inc ADS Each Represents A Ord Shs,FALSE,API,BMVLMK9,Unspecified,## Not ETF,None,USD,4.07,3.15,4.07,0%,42.12,266.04,23412,3.0121153843000004,2.331244094,3.0121153843000004,196.8902154
https://www.hl.co.uk/shares/shares-search-results/a/agree-realty-corp-usd0.0001,Agree Realty Corp USD0.0001,TRUE,ADC,2062161,Unspecified,## Not ETF,None,USD,71.87,69.56,71.87,4.44%,39.04,9030000000,1412256,53.18936921,51.479790204400004,53.18936921,6682899735
https://www.hl.co.uk/shares/shares-search-results/a/agronomics-limited-ord-0.0001p,Agronomics Limited Ord 0.0001p,TRUE,ANIC,B6QH1J2,Unspecified,## Not ETF,None,GBX,5,4.7,5,0%,0,53.09,3636250,0.05,0.047,0.05,0.5309
https://www.hl.co.uk/shares/shares-search-results/a/ah-realty-trust-inc-usd0.01,AH Realty Trust Inc USD0.01,TRUE,AHRT,B96FTB5,Unspecified,## Not ETF,None,USD,6.38,5.135,6.38,8.85%,0,638.35,171871,4.721694386,3.800297911,4.721694386,472.4284657
https://www.hl.co.uk/shares/shares-search-results/a/ai-financial-corp-usd0.001,AI Financial Corp USD0.001,TRUE,AIFC,BKFHHK4,Unspecified,## Not ETF,None,USD,0.5,0.359,0.5,0%,0,72.95,459671,0.370038745,0.265687819,0.370038745,53.9886529
https://www.hl.co.uk/shares/shares-search-results/a/aia-group-ltd-adr-representing-4-shares,AIA Group Ltd ADR Representing 4 Shares,TRUE,AAGIY,B6331J3,Unspecified,## Not ETF,None,USD,38.99,35.53,38.99,2.65%,0,0,232342,28.85562134,26.29495322,28.85562134,0
https://www.hl.co.uk/shares/shares-search-results/a/aib-group-plc-ordinary-shares-eur0.625,AIB Group plc Ordinary Shares EUR0.625,TRUE,AIBG,BF4KR65,Unspecified,## Not ETF,None,GBX,996,640,996,5.08%,0,20940000000,8561,9.96,6.4,9.96,209400000
https://www.hl.co.uk/shares/shares-search-results/a/aifu-inc-usd0.002,AIFU Inc USD0.002,TRUE,AIFU,BT9KN37,Unspecified,## Not ETF,None,USD,12.78,11.3,12.78,0%,0,99.29,3682,9.458190322,8.362875637,9.458190322,73.48229398
https://www.hl.co.uk/shares/shares-search-results/a/aimia-inc-common-stock-npv,Aimia Inc Common Stock NPV,TRUE,AIM,B84YZ75,Unspecified,## Not ETF,None,CAD,2.69,2.48,2.69,0%,5.53,237.38,1559,1.4370392914999999,1.3248540679999998,1.4370392914999999,126.81203978299999
https://www.hl.co.uk/shares/shares-search-results/a/aios-tech-inc-usd0.2,AIOS Tech Inc USD0.2,TRUE,AIOS,BW0TQD5,Unspecified,## Not ETF,None,USD,12.87,6.54,12.87,0%,0,41.27,32642,9.524797296,4.840106785,9.524797296,30.542998012300004
https://www.hl.co.uk/shares/shares-search-results/a/aiq-ltd-gbp0.01-di,AIQ Ltd GBP0.01 (DI),TRUE,AIQ,BF5R710,Unspecified,## Not ETF,None,GBX,6,3,6,0%,0,3.89,0,0.06,0.03,0.06,0.038900000000000004
https://www.hl.co.uk/shares/shares-search-results/a/air-canada-inc-npv-vtg-and-var-vtg-shs,Air Canada Inc NPV VTG & VAR VTG SHS,TRUE,AC,BSDHYK1,Unspecified,## Not ETF,None,CAD,28.11,16.45,28.11,0%,11.66,8000000000,2208033,15.01679349,8.787842507499999,15.01679349,4273722800
https://www.hl.co.uk/shares/shares-search-results/a/air-france-klm-sa-eur1,Air France KLM SA EUR1,TRUE,AF,BMV2C79,Unspecified,## Not ETF,None,EUR,11.69,8.37,11.69,0%,2.11,3040000000,498703,10.035987861899999,7.185732968699999,10.035987861899999,2609871950
https://www.hl.co.uk/shares/shares-search-results/a/air-liquide-eur5.5,Air Liquide Eur5.5,TRUE,AI,B1YXBJ7,Unspecified,## Not ETF,None,EUR,167.3,140.78,167.3,2.02%,27.91,1.0643E+11,510612,143.62880832300002,120.8611096,143.62880832300002,91371273579
https://www.hl.co.uk/shares/shares-search-results/a/air-products-and-chemicals-inc-usd1,Air Products & Chemicals Inc USD1,TRUE,APD,2011602,Unspecified,## Not ETF,None,USD,294.09,229.25,294.09,2.47%,31.8,65750000000,262765,217.64938903409998,169.6627646,217.64938903409998,48660094968
https://www.hl.co.uk/shares/shares-search-results/a/airbnb-inc-usd0.0001-a,Airbnb Inc USD0.0001 A,TRUE,ABNB,BMGYYH4,Unspecified,## Not ETF,None,USD,170.03,110.81,170.03,0%,41.3,1.0291E+11,1282550,125.8353756,82.00798667,125.8353756,76161374496
https://www.hl.co.uk/shares/shares-search-results/a/airboss-of-america-corp-com-npv,AirBoss Of America Corp COM NPV,TRUE,BOS,2256124,Unspecified,## Not ETF,None,CAD,7.43,3.87,7.43,1.87%,0,207.65,78804,3.9692200504999997,2.067413405,3.9692200504999997,110.9298174
https://www.hl.co.uk/shares/shares-search-results/a/airbus-se-eur1,Airbus SE EUR1,TRUE,AIR,4012250,Unspecified,## Not ETF,None,EUR,197.86,157.42,197.86,1.63%,30.31,1.5511E+11,966055,169.86488950860002,135.14672448419998,169.86488950860002,1.33164E+11
https://www.hl.co.uk/shares/shares-search-results/a/airea-plc-ordinary-25p-shares,Airea plc Ordinary 25p Shares,TRUE,AIEA,0812302,Unspecified,## Not ETF,None,GBX,27,17.5,27,3.70%,10.63,10.74,0,0.27,0.17500000000000002,0.27,0.10740000000000001
https://www.hl.co.uk/shares/shares-search-results/a/airgain-inc-usd0.0001,Airgain Inc USD0.0001,TRUE,AIRG,BDB2RP9,Unspecified,## Not ETF,None,USD,5.39,3,5.39,0%,0,71.66,59538,3.9890176710999996,2.22023247,3.9890176710999996,53.033952933399995
https://www.hl.co.uk/shares/shares-search-results/a/airiq-inc-npv,Airiq Inc NPV,TRUE,IQ,2472845,Unspecified,## Not ETF,None,CAD,0.48,0.39,0.48,0%,92.34,13.85,1500,0.256423368,0.208343987,0.256423368,7.398882597499999
https://www.hl.co.uk/shares/shares-search-results/a/airjoule-technologies-corp-usd0.0001,AirJoule Technologies Corp USD0.0001,TRUE,AIRJ,BSHSLK9,Unspecified,## Not ETF,None,USD,4.35,2.22,4.35,0%,0,334.46,776002,3.219337082,1.6429720278000002,3.219337082,247.5263173
https://www.hl.co.uk/shares/shares-search-results/a/airo-group-holdings-inc-usd0.000001,AIRO Group Holdings Inc USD0.000001,TRUE,AIRO,BSD51T3,Unspecified,## Not ETF,None,USD,7.01,5.71,7.01,0%,0,231.3,336833,5.187943205,4.225842468,5.187943205,171.1799234
https://www.hl.co.uk/shares/shares-search-results/a/airsculpt-technologies-inc-usd0.001,Airsculpt Technologies Inc USD0.001,TRUE,AIRS,BN96366,Unspecified,## Not ETF,None,USD,2.44,1.51,2.44,0%,0,195.02,1047381,1.805789076,1.11751701,1.805789076,144.3299121
https://www.hl.co.uk/shares/shares-search-results/a/airship-ai-holdings-inc-usd0.0001,Airship AI Holdings Inc USD0.0001,TRUE,AISP,BSKPBC9,Unspecified,## Not ETF,None,USD,2.02,1.685,2.02,0%,2.56,71.63,266162,1.49495653,1.247030571,1.49495653,53.01175061
https://www.hl.co.uk/shares/shares-search-results/a/airtel-africa-plc-ord-usd1,Airtel Africa plc ORD USD1,TRUE,AAF,BKDRYJ4,Unspecified,## Not ETF,None,GBX,344.2,219.2,344.2,1.54%,24.91,12520000000,1145929,3.442,2.1919999999999997,3.442,125200000
https://www.hl.co.uk/shares/shares-search-results/a/airtificial-intelligence-structures-eur0.09,Airtificial Intelligence Structures EUR0.09,TRUE,AI,B1FHTS3,Unspecified,## Not ETF,None,EUR,0.09,0.07,0.09,0%,0,136.6,379907,0.077265946,0.060095736,0.077265946,117.2725357
https://www.hl.co.uk/shares/shares-search-results/a/aixcrypto-holdings-inc-usd0.001,Aixcrypto Holdings Inc USD0.001,TRUE,AIXC,BSDZD19,Unspecified,## Not ETF,None,USD,0.76,0.593,0.76,0%,0,14.57,624141,0.562458892,0.43886595156999997,0.562458892,10.78292903
https://www.hl.co.uk/shares/shares-search-results/a/aixtron-namen-akt-registered-npv-shares,Aixtron Namen-AKT Registered NPV shares,TRUE,AIXA,5468346,Unspecified,## Not ETF,None,EUR,36.6,11.945,36.6,0.40%,49.55,4190000000.0000005,635,31.42148467,10.254908041950001,31.42148467,3597159036.9000006
https://www.hl.co.uk/shares/shares-search-results/a/aj-bell-plc-ord-gbp0.0125,AJ Bell Plc ORD GBP0.0125,TRUE,AJB,BFZNLB6,Unspecified,## Not ETF,None,GBX,571,414.4,571,2.44%,22.72,2290000000,664798,5.71,4.144,5.71,22900000
https://www.hl.co.uk/shares/shares-search-results/a/ajax-resources-plc-ord-gbp0.01,Ajax Resources Plc ORD GBP0.01,TRUE,AJAX,BLNBD41,Unspecified,## Not ETF,None,GBX,6.5,3.3,6.5,0%,0,7.81,0,0.065,0.033,0.065,0.0781
https://www.hl.co.uk/shares/shares-search-results/a/aka-brand-holding-corp-usd0.001,AKA Brand Holding Corp USD0.001,TRUE,AKA,BKPJGF8,Unspecified,## Not ETF,None,USD,10.8,8.42,10.8,0%,0,114.53,2058,7.992836892000001,6.231452466,7.992836892000001,84.76107493
https://www.hl.co.uk/shares/shares-search-results/a/akamai-technologies-inc-com-stk-$-0.01,Akamai Technologies Inc Com Stk $ 0.01,TRUE,AKAM,2507457,Unspecified,## Not ETF,None,USD,107.63,70.82,107.63,0%,31.34,15180000000,778905,79.65454025,52.412287841799994,79.65454025,11234376298
https://www.hl.co.uk/shares/shares-search-results/a/akari-therapeutics-plc-adr-each-repr-80000,Akari Therapeutics Plc ADR EACH REPR 80000,FALSE,AKTX,BV4KDW5,Unspecified,## Not ETF,None,USD,10.51,3.015,10.51,0%,0,21.18,135276,7.77821442,2.231333632,7.77821442,15.674841238199999
https://www.hl.co.uk/shares/shares-search-results/a/akastor-asa-nok1.66,Akastor ASA NOK1.66,TRUE,AKAST,B1VLVW7,Unspecified,## Not ETF,None,NOK,13.4,8.98,13.4,0%,0,3670000000,385927,1.066974196,0.7150319612000001,1.066974196,292223529.8
https://www.hl.co.uk/shares/shares-search-results/a/akbank-turk-anonim-sirketi-adr,Akbank Turk Anonim Sirketi ADR,FALSE,AKBTY,B06XY44,Unspecified,## Not ETF,None,USD,2.99,2.51,2.99,3.33%,19.25,7830000000,3902,2.212831695,1.8575944998999998,2.212831695,5794806747
https://www.hl.co.uk/shares/shares-search-results/a/akebia-therapeutics-inc-usd0.00001,Akebia Therapeutics Inc USD0.00001,TRUE,AKBA,BKKMP44,Unspecified,## Not ETF,None,USD,0.97,0.814,0.97,0%,0,285.42,6141452,0.717875165,0.602423077,0.717875165,211.2329172
https://www.hl.co.uk/shares/shares-search-results/a/aker-asa-series-a-nok28-cdi,Aker ASA Series 'A' NOK28 (CDI),TRUE,AKER,B02R4D9,Unspecified,## Not ETF,None,NOK,1586,690,1586,1.83%,22.2,1.1787E+11,121451,126.2851548,54.9412086,126.2851548,9385391677.800001
https://www.hl.co.uk/shares/shares-search-results/a/aker-bp-asa-nok1,Aker BP ASA NOK1,TRUE,AKRBP,B1L95G3,Unspecified,## Not ETF,None,NOK,361.5,240.6,361.5,6.96%,16.98,2.3125E+11,765205,28.784415810000002,19.15776056,28.784415810000002,18413267375
https://www.hl.co.uk/shares/shares-search-results/a/aker-solutions-asa-nok1.08,Aker Solutions ASA NOK1.08,TRUE,AKSO,BQN1C50,Unspecified,## Not ETF,None,NOK,41.56,23.19,41.56,8.72%,7.19,20330000000,253787,3.309212506,1.8465023586000002,3.309212506,1618775030
https://www.hl.co.uk/shares/shares-search-results/a/akita-drilling-ltd-npv-b,Akita Drilling Ltd NPV B,TRUE,AKT,2013415,Unspecified,## Not ETF,None,CAD,3.95,2.15,3.95,0%,10.13,131.18,41092,2.110150633,1.148563003,2.110150633,70.07836961
https://www.hl.co.uk/shares/shares-search-results/a/akso-health-group-ads-each-repr-3-ord-shs,Akso Health Group ADS EACH REPR 3 ORD SHS,FALSE,AHG,BMH2604,Unspecified,## Not ETF,None,USD,0.75,0.73,0.75,0%,0,704.1,13313,0.555058118,0.540256568,0.555058118,521.0885607
https://www.hl.co.uk/shares/shares-search-results/a/akva-group-asa-nok1,Akva Group ASA NOK1,TRUE,AKVA,B1GGS04,Unspecified,## Not ETF,None,NOK,148,80,148,1.41%,28.21,5210000000,21084,11.78449112,6.3699952,11.78449112,414845937.40000004
https://www.hl.co.uk/shares/shares-search-results/a/akwel-sa-eur0.8,Akwel SA EUR0.8,TRUE,AKW,4569530,Unspecified,## Not ETF,None,EUR,6.2,6.16,6.2,4.84%,7.87,164.57,7345,5.3227651620000005,5.288424742,5.3227651620000005,141.2850746
https://www.hl.co.uk/shares/shares-search-results/a/akzo-nobel-nv-eur2,Akzo Nobel NV EUR2,TRUE,AKZA,BJ2KSG2,Unspecified,## Not ETF,None,EUR,58.06,46.18,58.06,3.42%,28.92,9900000000,264166,49.84512021,39.64601535,49.84512021,8499254049
https://www.hl.co.uk/shares/shares-search-results/a/alamo-group-inc-usd0.10,Alamo Group Inc USD0.10,TRUE,ALG,2021634,Unspecified,## Not ETF,None,USD,170.73,145.76,170.73,0.81%,19.67,2089999999.9999998,133107,126.35342986769999,107.8736949,126.35342986769999,1546761954
https://www.hl.co.uk/shares/shares-search-results/a/alamos-gold-inc-common-stock-npv,Alamos Gold Inc Common Stock NPV,TRUE,AGI,BZ3DNP6,Unspecified,## Not ETF,None,CAD,50.37,38.03,50.37,0.45%,29.08,20690000000,451199,26.90842718,20.31620976,26.90842718,11052915592
https://www.hl.co.uk/shares/shares-search-results/a/alantra-partners-sa-eur3,Alantra Partners SA EUR3,TRUE,ALNT,5377884,Unspecified,## Not ETF,None,EUR,9.72,7.88,9.72,5.15%,17.32,374.72,9481,8.344722157200001,6.765062819,8.344722157200001,321.7010583
https://www.hl.co.uk/shares/shares-search-results/a/alarm.com-holdings-inc-usd0.01,Alarm.com Holdings Inc USD0.01,TRUE,ALRM,BYN7H26,Unspecified,## Not ETF,None,USD,55.5,41.49,55.5,0%,22.1,2710000000,148280,41.0743007,30.70581506,41.0743007,2005609998
https://www.hl.co.uk/shares/shares-search-results/a/alarum-technologies-ltd-adr-repr-10-ord-sh,Alarum Technologies Ltd ADR Repr 10 Ord Sh,FALSE,ALAR,BQH86G6,Unspecified,## Not ETF,None,USD,1.78,1.16,1.78,0%,14.84,11.69,181795,1.317337932,0.858489888,1.317337932,8.651505858
https://www.hl.co.uk/shares/shares-search-results/a/alaska-air-group-inc-com-stk-usd0.01,Alaska Air Group Inc Com Stk USD0.01,TRUE,ALK,2012605,Unspecified,## Not ETF,None,USD,40.85,33.05,40.85,0%,12.19,4500000000,686600,30.23216547,24.45956104,30.23216547,3330348705
https://www.hl.co.uk/shares/shares-search-results/a/alaska-energy-metals-corp-npv,Alaska Energy Metals Corp NPV,TRUE,AEMC,BN7T260,Unspecified,## Not ETF,None,CAD,0.06,0.05,0.06,0%,0,11.37,82000,0.032052921,0.026710768,0.032052921,6.07402853
https://www.hl.co.uk/shares/shares-search-results/a/alaunos-therapeutics-inc-npv,Alaunos Therapeutics Inc NPV,TRUE,TCRT,BP5DSB5,Unspecified,## Not ETF,None,USD,1.52,1.52,1.52,0%,0,3.99,18275,1.124917785,1.124917785,1.124917785,2.9529091851000002
https://www.hl.co.uk/shares/shares-search-results/a/albemarle-corp-com-stk-usd0.01,Albemarle Corp Com Stk USD0.01,TRUE,ALB,2046853,Unspecified,## Not ETF,None,USD,121,71.38,121,1.35%,0,14860000000,711879,89.54937629,52.82673124,89.54937629,10997551501
https://www.hl.co.uk/shares/shares-search-results/a/albertsons-companies-inc-usd0.01,Albertsons Companies Inc USD0.01,TRUE,ACI,BYNQ369,Unspecified,## Not ETF,None,USD,11.67,10.86,11.67,5.81%,6.16,5680000000,1572838,8.636704308,8.037241541,8.636704308,4203640143
https://www.hl.co.uk/shares/shares-search-results/a/albion-crown-vct-plc-cnv-gbp0.01,Albion Crown VCT plc CNV GBP0.01,TRUE,CRWC,BSPT654,Unspecified,## Not ETF,None,GBX,37.4,35.38,37.4,5.56%,99999.99,53400000,0,0.374,0.35380000000000006,0.374,534000
https://www.hl.co.uk/shares/shares-search-results/a/albion-crown-vct-plc-ordinary-1p,Albion Crown VCT Plc Ordinary 1p,TRUE,CRWN,0257743,Unspecified,## Not ETF,None,GBX,28.1,26.2,28.1,5.66%,99999.99,133500000,0,0.281,0.262,0.281,1335000
https://www.hl.co.uk/shares/shares-search-results/a/albion-enterprise-vct-plc-ordinary-1p,Albion Enterprise VCT plc Ordinary 1p,TRUE,AAEV,B1G3LR3,Unspecified,## Not ETF,None,GBX,104.5,102,104.5,5.48%,62.5,270300000,4,1.045,1.02,1.045,2703000
https://www.hl.co.uk/shares/shares-search-results/a/albion-technology-and-general-vct-ord-1p,Albion Technology & General VCT Ord 1p,TRUE,AATG,0558167,Unspecified,## Not ETF,None,GBX,65.5,63,65.5,5.50%,51.37255,268000000,0,0.655,0.63,0.655,2680000
https://www.hl.co.uk/shares/shares-search-results/a/alcoa-corp-usd0.01-shares,Alcoa Corp USD0.01 Shares,TRUE,AA,BYNF418,Unspecified,## Not ETF,None,USD,48.73,30.73,48.73,0.83%,6.81,12750000000,970061,36.06397609,22.74258127,36.06397609,9435987998
https://www.hl.co.uk/shares/shares-search-results/a/alcon-ag-ord-chf0.04,Alcon AG Ord CHF0.04,TRUE,ALC,BJT1GR5,Unspecified,## Not ETF,None,CHF,54.54,47.8,54.54,0.51%,31.82,27230000000,942276,49.5555425,43.43151689,49.5555425,24741426882
https://www.hl.co.uk/shares/shares-search-results/a/aldebaran-resources-inc-npv,Aldebaran Resources Inc NPV,TRUE,ALDE,BVPW762,Unspecified,## Not ETF,None,CAD,3,1.87098,3,0%,0,553.74,147344,1.60264605,0.999506236,1.60264605,295.8164079
https://www.hl.co.uk/shares/shares-search-results/a/aldeyra-therapeutics-inc-usd0.001,Aldeyra Therapeutics Inc USD0.001,TRUE,ALDX,BLD36T3,Unspecified,## Not ETF,None,USD,1.48,1.07,1.48,0%,0,92.9,1565518,1.095314685,0.791882914,1.095314685,68.75319882
https://www.hl.co.uk/shares/shares-search-results/a/alector-inc-usd0.0001,Alector Inc USD0.0001,TRUE,ALEC,BJ4LDC4,Unspecified,## Not ETF,None,USD,2.17,1.095,2.17,0%,0,275.79,346801,1.6059681532999999,0.810384852,1.6059681532999999,204.105971
https://www.hl.co.uk/shares/shares-search-results/a/alexanders-inc-usd1,Alexander's Inc USD1,TRUE,ALX,2014021,Unspecified,## Not ETF,None,USD,254.61,204.84,254.61,7.11%,45.34,1320000000,17807,188.4311297,151.5974731,188.4311297,976902286.8
https://www.hl.co.uk/shares/shares-search-results/a/alexandria-real-estate-equities-inc-usd0.01,Alexandria Real Estate Equities Inc USD0.01,TRUE,ARE,2009210,Unspecified,## Not ETF,None,USD,49.23,39.42,49.23,5.81%,39.91,8770000000,1086996,36.43401483,29.173854655800003,36.43401483,6490479587
https://www.hl.co.uk/shares/shares-search-results/a/alfa-financial-software-hldgs-gbp0.001,Alfa Financial Software Hldgs GBP0.001,TRUE,ALFA,BDHXPG3,Unspecified,## Not ETF,None,GBX,159,140.4,159,0.96%,15.27,463.57,368510,1.59,1.4040000000000001,1.59,4.6357
https://www.hl.co.uk/shares/shares-search-results/a/alfa-laval-ab-common-stock-npv,Alfa Laval AB Common Stock NPV,TRUE,ALFA,7332687,Unspecified,## Not ETF,None,SEK,547,464.1,547,1.65%,27.2,2.2551E+11,440116,41.75731813,35.428832439000004,41.75731813,17215160533
https://www.hl.co.uk/shares/shares-search-results/a/alfen-nv-eur1,Alfen NV EUR1,TRUE,ALFEN,BG0SJ42,Unspecified,## Not ETF,None,EUR,11.45,8.05,11.45,0%,54.85,247.95,83638,9.82994534,6.911009606,9.82994534,212.867681
https://www.hl.co.uk/shares/shares-search-results/a/algo-grande-copper-corp-npv,Algo Grande Copper Corp NPV,TRUE,ALGR,BVN4J42,Unspecified,## Not ETF,None,CAD,0.7,0.35,0.7,0%,0,29.27,43060,0.373950745,0.186975373,0.373950745,15.63648329
https://www.hl.co.uk/shares/shares-search-results/a/algoma-central-corp-cad2,Algoma Central Corp CAD2,TRUE,ALC,2015109,Unspecified,## Not ETF,None,CAD,22.29,16.31,22.29,3.79%,6.18,915.05,1308,11.907660151499998,8.713052358499999,11.907660151499998,488.833756
https://www.hl.co.uk/shares/shares-search-results/a/algoma-steel-group-inc-npv,Algoma Steel Group Inc NPV,TRUE,ASTL,BMDJZ80,Unspecified,## Not ETF,None,CAD,6.03,4.2,6.03,0%,0,0,273637,3.221318561,2.24370447,3.221318561,0
https://www.hl.co.uk/shares/shares-search-results/a/algonquin-power-and-utilities-co-npv,Algonquin Power & Utilities Co NPV,TRUE,AQN,B51BMR7,Unspecified,## Not ETF,None,CAD,7.51,7.26,7.51,4.83%,17.48,6040000000,3175126,4.011957279,3.8784034409999997,4.011957279,3226660714
https://www.hl.co.uk/shares/shares-search-results/a/aliaxis-sa-npv,Aliaxis SA NPV,TRUE,BRU,B03H4Q1,Unspecified,## Not ETF,None,EUR,0,0,20,0%,18.89,1400000000,0,0,0,17.1702102,1201914714
https://www.hl.co.uk/shares/shares-search-results/a/alibaba-group-holding-ltd-ads-each-repr-8,Alibaba Group Holding Ltd ADS Each Repr 8,TRUE,BABA,BP41ZD1,Unspecified,## Not ETF,None,USD,109.57,91.99,109.57,0.97%,34.76,272040000000.00003,4882697,81.09029057929999,68.07972830509999,81.09029057929999,201330680379.60004
https://www.hl.co.uk/shares/shares-search-results/a/alico-inc-usd1,Alico Inc USD1,TRUE,ALCO,2016425,Unspecified,## Not ETF,None,USD,39.99,31.35,39.99,0.50%,0,294.81,6328,29.59569883,23.20142931,29.59569883,218.1822448
https://www.hl.co.uk/shares/shares-search-results/a/alien-metals-limited-npv,Alien Metals Limited NPV,TRUE,UFO,BGRSF03,Unspecified,## Not ETF,None,GBX,0.09,0.0725,0.09,0%,0,10.63,2907853,0.0009,0.000725,0.0009,0.1063
https://www.hl.co.uk/shares/shares-search-results/a/align-technology-usd-cdi,Align Technology USD (CDI),TRUE,ALGN,2679204,Unspecified,## Not ETF,None,USD,153.3,122,153.3,0%,23.36,10900000000,237059,113.45387921700001,90.28945378,113.45387921700001,8066844641
https://www.hl.co.uk/shares/shares-search-results/a/alimak-group-ab-ordinary-shares,Alimak Group AB Ordinary Shares,TRUE,ALIG,BZ0Y0T5,Unspecified,## Not ETF,None,SEK,123.6,103.2,123.6,2.68%,20.92,13250000000,28995,9.435474444,7.878163128000001,9.435474444,1011488968
https://www.hl.co.uk/shares/shares-search-results/a/alina-holdings-plc-ord-1p,Alina Holdings plc Ord 1p,TRUE,ALNA,B1VS7G4,Unspecified,## Not ETF,None,GBX,9,6.95,9,0%,0,2.04,1638,0.09,0.0695,0.09,0.0204
https://www.hl.co.uk/shares/shares-search-results/a/alithya-group-inc-npv-sub-vtg-a,Alithya Group Inc NPV SUB VTG A,TRUE,ALYA,BG0YL66,Unspecified,## Not ETF,None,CAD,1.14,0.94,1.14,0%,0,99.28,12729,0.6090054989999999,0.502162429,0.6090054989999999,53.03689995
https://www.hl.co.uk/shares/shares-search-results/a/alk-abello-as-dkk0.5-b,ALK-Abello A/S DKK0.5 B,TRUE,ALK B,BNHSHK6,Unspecified,## Not ETF,None,DKK,199.2,192.7,199.2,0.80%,36.08,40350000000,184693,22.86354852,22.117499,22.86354852,4631245898
https://www.hl.co.uk/shares/shares-search-results/a/alkami-technology-inc-usd0.001,Alkami Technology Inc USD0.001,TRUE,ALKT,BMHR7L7,Unspecified,## Not ETF,None,USD,18.92,13.99,18.92,0%,0,2069999999.9999998,1210790,14.00226611,10.35368409,14.00226611,1531960404.2999997
https://www.hl.co.uk/shares/shares-search-results/a/alkemy-capital-investment-ord-gbp0.02,Alkemy Capital Investment ORD GBP0.02,TRUE,ALK,BMD6C02,Unspecified,## Not ETF,None,GBX,260,170,260,0%,0,29.79,134716,2.6,1.7,2.6,0.2979
https://www.hl.co.uk/shares/shares-search-results/a/all-for-one-group-se-npv,All for One Group SE NPV,TRUE,A1OS,5574447,Unspecified,## Not ETF,None,EUR,67.6,29.3,67.6,1.78%,25.7,340.42,0,58.03531047599999,25.15435794,58.03531047599999,292.2541478
https://www.hl.co.uk/shares/shares-search-results/a/all-infuturetech-alliance-inc-usd0.0001,All InFutureTech Alliance Inc USD0.0001,TRUE,AIFA,BWRXLW4,Unspecified,## Not ETF,None,USD,3.11,1.5054,3.11,0%,0,19.9,76998,2.301640994,1.114112653,2.301640994,14.727542050999999
https://www.hl.co.uk/shares/shares-search-results/a/allarity-therapeutics-inc-usd0.0001,Allarity Therapeutics Inc USD0.0001,TRUE,ALLR,BQWSMS5,Unspecified,## Not ETF,None,USD,1.32,0.7687,1.32,0%,0,19.89,210251,0.976902287,0.5688975665630001,0.976902287,14.72014128
https://www.hl.co.uk/shares/shares-search-results/a/allbirds-inc-usd0.0001-a,Allbirds Inc USD0.0001 A,TRUE,BIRD,BTFJ0V5,Unspecified,## Not ETF,None,USD,2.43,1.8802,2.43,0%,0,28.7,21500,1.798388301,1.391493697,1.798388301,21.24022396
https://www.hl.co.uk/shares/shares-search-results/a/allegiant-travel-com-stk-usd0.001,Allegiant Travel Com Stk USD0.001,TRUE,ALGT,B15M2C3,Unspecified,## Not ETF,None,USD,77.4,57.11,77.4,0%,28.29,2080000000,230550,57.28199772600001,42.26582545,57.28199772600001,1539361179
https://www.hl.co.uk/shares/shares-search-results/a/allegro-microsystems-inc-usd0.01,Allegro Microsystems Inc USD0.01,TRUE,ALGM,BN4LSB6,Unspecified,## Not ETF,None,USD,35.86,22.46,35.86,0%,0,6800000000,552590,26.53917879,16.62214043,26.53917879,5032526932
https://www.hl.co.uk/shares/shares-search-results/a/alleima-ab-npv,Alleima AB NPV,TRUE,ALLEI,BMQ4ZX7,Unspecified,## Not ETF,None,SEK,114.7,70,114.7,2.19%,24.65,28680000000,192143,8.756059213,5.3437153,8.756059213,2189396497.2000003
https://www.hl.co.uk/shares/shares-search-results/a/allergy-therapeutics-plc-ord-gbp0.01,Allergy Therapeutics Plc Ord GBP0.01,TRUE,AGY,B02LCQ0,Unspecified,## Not ETF,None,GBX,5,4.75,5,0%,0,300.8,6147,0.05,0.0475,0.05,3.008
https://www.hl.co.uk/shares/shares-search-results/a/allgeier-se-npv,Allgeier SE NPV,TRUE,AEIN,BD814R0,Unspecified,## Not ETF,None,EUR,15.2,14.95,15.2,6.52%,0,175.64,8,13.049359751999999,12.83473212,13.049359751999999,150.788786
https://www.hl.co.uk/shares/shares-search-results/a/alliance-witan-plc-ordinary-2.5p-shares,Alliance Witan plc Ordinary 2.5p Shares,TRUE,ALW,B11V7W9,Trust,## Not ETF,"Microsoft Corp (4.21300%), Amazon.com Inc (3.19409%), Mastercard Inc Class A (3.17231%), NVIDIA Corp (2.44526%), Taiwan Semiconductor Manufacturing Co Ltd ADR (1.98349%), Alphabet Inc Class C (1.95589%), Visa Inc Class A (1.70361%), Alphabet Inc Class A (1.60831%), Taiwan Semiconductor Manufacturing Co Ltd (1.36506%), HCA Healthcare Inc (1.26541%)",GBX,1347,1178,1347,2.09%,23.74809,4940000000,524260,13.47,11.78,13.47,49400000
https://www.hl.co.uk/shares/shares-search-results/a/alliancebernstein-global-hgh-income-usd0.01,Alliancebernstein Global Hgh Income USD0.01,TRUE,AWF,2019792,Unspecified,## Not ETF,None,USD,10.01,9.85,10.01,7.36%,0,868.33,47550,7.408175675,7.2897632764999996,7.408175675,642.6314869
https://www.hl.co.uk/shares/shares-search-results/a/allianz-se-npvregdvinkuliert,Allianz SE NPV(Regd)(Vinkuliert),TRUE,ALV,5231485,Unspecified,## Not ETF,None,EUR,440,337.7,440,3.91%,14.9,1.6751E+11,5889,377.7446244,289.9189992,377.7446244,1.43809E+11
https://www.hl.co.uk/shares/shares-search-results/a/allianz-technology-trust-plc-ordinary-2.5p,Allianz Technology Trust plc Ordinary 2.5p,TRUE,ATT,BNG2M15,Trust,## Not ETF,"NVIDIA Corp (9.21105%), Alphabet Inc Class A (8.94600%), Apple Inc (8.89416%), Broadcom Inc (6.63913%), Microsoft Corp (6.41107%), Taiwan Semiconductor Manufacturing Co Ltd ADR (6.07609%), Meta Platforms Inc Class A (3.89080%), Micron Technology Inc (3.23226%), Lam Research Corp (2.87828%), Advanced Micro Devices Inc (2.64441%)",GBX,698,476.5,698,0%,6.47249,2290000000,1725971,6.98,4.765,6.98,22900000
https://www.hl.co.uk/shares/shares-search-results/a/allient-inc-npv,Allient Inc NPV,TRUE,ALNT,2414717,Unspecified,## Not ETF,None,USD,95.81,41.92,95.81,0.17%,65.68,1630000000,257293,70.90682432,31.02404838,70.90682432,1206326309
https://www.hl.co.uk/shares/shares-search-results/a/alligo-ab-npv-b,Alligo AB NPV B,TRUE,ALLIGO B,BF345V9,Unspecified,## Not ETF,None,SEK,134.6,113.2,134.6,1.63%,20.79,6780000000,7055,10.27520113,8.641551028,10.27520113,517576996.20000005
https://www.hl.co.uk/shares/shares-search-results/a/allison-transmission-hldgs-usd0.01,Allison Transmission Hldgs USD0.01,TRUE,ALSN,B4PZ892,Unspecified,## Not ETF,None,USD,129.59,77.12,129.59,0.91%,15.52,10580000000,175085,95.90664193,57.07477603,95.90664193,7830019844
https://www.hl.co.uk/shares/shares-search-results/a/allogene-therapeutics-inc-com-usd0.001,Allogene Therapeutics Inc COM USD0.001,TRUE,ALLO,BFZNYB7,Unspecified,## Not ETF,None,USD,1.8,1.05,1.8,0%,0,642.61,795451,1.332139482,0.777081365,1.332139482,475.5811958
https://www.hl.co.uk/shares/shares-search-results/a/allstate-corp-common-stock-usd0.01,Allstate Corp Common Stock USD0.01,TRUE,ALL,2019952,Unspecified,## Not ETF,None,USD,254.43,188.18,254.43,1.72%,7.57,64120000000.00001,404170,188.2979158,139.2677821,188.2979158,47453768659
https://www.hl.co.uk/shares/shares-search-results/a/allwyn-ag-adr-each-repr-0.5-spon,Allwyn AG ADR Each REPR 0.5 SPON,TRUE,GOFPY,B3L34N9,Unspecified,## Not ETF,None,USD,7.71,6.75,7.71,9.74%,0,0,95349,5.705997448,4.995523058,5.705997448,0
https://www.hl.co.uk/shares/shares-search-results/a/ally-financial-inc-npv,Ally Financial Inc NPV,TRUE,ALLY,B72XK05,Unspecified,## Not ETF,None,USD,42.72,35.95,42.72,2.85%,13.01,12720000000,860326,31.616110372799998,26.605785765500002,31.616110372799998,9413785673
https://www.hl.co.uk/shares/shares-search-results/a/alm-brand-as-dkk10,ALM Brand A/S DKK10,TRUE,ALMB,4350024,Unspecified,## Not ETF,None,DKK,17.14,14.01,17.14,3.86%,19.14,24040000000,809238,1.967275209,1.608023669,1.967275209,2759235474
https://www.hl.co.uk/shares/shares-search-results/a/alma-media-corporation-npv,Alma Media Corporation NPV,TRUE,ALMA,B07YZW1,Unspecified,## Not ETF,None,EUR,13.7,12.15,13.7,3.52%,19.37,1120000000,14118,11.76159399,10.4309027,11.76159399,961531771.2
https://www.hl.co.uk/shares/shares-search-results/a/almaden-minerals-ltd-ordinary-npv,Almaden Minerals Ltd Ordinary NPV,TRUE,AMM,BZ0QMF1,Unspecified,## Not ETF,None,CAD,0.23,0.15,0.23,0%,0,31.59,4050,0.122869531,0.080132302,0.122869531,16.87586291
https://www.hl.co.uk/shares/shares-search-results/a/almadex-minerals-ltd-ordinary-npv2,Almadex Minerals Ltd Ordinary NPV,TRUE,DEX,BG4R934,Unspecified,## Not ETF,None,CAD,0.41,0.36,0.41,0%,27.22,25.69,9500,0.21902829349999997,0.192317526,0.21902829349999997,13.72399234
https://www.hl.co.uk/shares/shares-search-results/a/almirall-sa-eur0.12,Almirall SA EUR0.12,TRUE,ALM,B1YY662,Unspecified,## Not ETF,None,EUR,10.18,10.02,10.18,1.84%,47.89,2210000000,125970,8.739636992,8.60227531,8.739636992,1897308227
https://www.hl.co.uk/shares/shares-search-results/a/almonty-industries-inc-npv,Almonty Industries Inc NPV,TRUE,ALM,BS84NZ5,Unspecified,## Not ETF,None,USD,17.06,4.45,17.06,0%,0,5500000000,11178671,12.62572198,3.293344831,12.62572198,4070426195
https://www.hl.co.uk/shares/shares-search-results/a/alng-as-nok4,ALNG AS NOK4,TRUE,ALNG,B4KZMS4,Unspecified,## Not ETF,None,NOK,3.29,2.52,3.29,29.85%,0,733.5,39718,0.261966053,0.200654849,0.261966053,58.404893490000006
https://www.hl.co.uk/shares/shares-search-results/a/alnylam-pharmaceuticals-inc-com-stk,Alnylam Pharmaceuticals Inc Com Stk,TRUE,ALNY,B00FWN1,Unspecified,## Not ETF,None,USD,248.05,197.92,248.05,0%,94.35,34800000000,375349,183.5762214,146.47613682079998,183.5762214,25754696652
https://www.hl.co.uk/shares/shares-search-results/a/alpha-and-omega-semiconductor-ltd-usd0.002,Alpha & Omega Semiconductor Ltd USD0.002,TRUE,AOSL,B5Q3KZ2,Unspecified,## Not ETF,None,USD,25.35,17.01,25.35,0%,0,771.91,171352,18.760964371500002,12.588718104900002,18.760964371500002,571.2732153
https://www.hl.co.uk/shares/shares-search-results/a/alpha-architect-us-quantitative-momentum,Alpha Architect US Quantitative Momentum,FALSE,QMOM,BDGN542,Unspecified,## Not ETF,None,USD,72.85,60.24,72.85,0.49%,0,0,13006,53.91464514649999,44.582268,53.91464514649999,0
https://www.hl.co.uk/shares/shares-search-results/a/alpha-metallurgical-resources-inc-usd0.01,Alpha Metallurgical Resources Inc USD0.01,TRUE,AMR,BMFND53,Unspecified,## Not ETF,None,USD,217,134.62,217,0%,0,2880000000,84220,160.5968153,99.6292317,160.5968153,2131423171
https://www.hl.co.uk/shares/shares-search-results/a/alpha-pro-tech-ltd-usd0.01,Alpha Pro Tech Ltd USD0.01,TRUE,APT,2042163,Unspecified,## Not ETF,None,USD,5.23,4.34,5.23,0%,15.51,53.89,26094,3.870605273,3.2119363065999997,3.870605273,39.88277594
https://www.hl.co.uk/shares/shares-search-results/a/alpha-services-and-holdings-sa-adr-each-rep,Alpha Services and Holdings SA ADR EACH REP,FALSE,ALBKY,BZ1J2Q0,Unspecified,## Not ETF,None,USD,1.34,0.733,1.34,2.52%,11.24,12560000000,30629,0.991703837,0.5424768,0.991703837,9295373274
https://www.hl.co.uk/shares/shares-search-results/a/alphabet-inc-npv-a,Alphabet Inc NPV A,TRUE,GOOGL,BYVY8G0,Unspecified,## Not ETF,None,USD,335.2,235.85,335.2,0.26%,30.15,4059999999999.9995,7181369,248.0739746,174.547276,248.0739746,3004714609399.9995
https://www.hl.co.uk/shares/shares-search-results/a/alphabet-inc-npv-c,Alphabet Inc NPV C,TRUE,GOOG,BYY88Y7,Unspecified,## Not ETF,None,USD,332.83,236.6,332.83,0.27%,30.15,4059999999999.9995,4420233,246.319991,175.1023341,246.319991,3004714609399.9995
https://www.hl.co.uk/shares/shares-search-results/a/alpine-income-property-trust-inc-usd0.01,Alpine Income Property Trust Inc USD0.01,TRUE,PINE,BKMQX40,Unspecified,## Not ETF,None,USD,18.52,13.18,18.52,6.52%,122.77,333.56,35321,13.70623511,9.754221318199999,13.70623511,246.8602476
https://www.hl.co.uk/shares/shares-search-results/a/alps-medical-breakthroughs-etf,ALPS Medical Breakthroughs ETF,FALSE,SBIO,BTZJ6F1,ETF 1x,Healthcare & Pharma,None,USD,64.52,35.43,64.52,0%,0,0,8166,47.74979965,26.22094547,47.74979965,0
https://www.hl.co.uk/shares/shares-search-results/a/alset-inc-usd1.001,Alset Inc USD0.001,TRUE,AEI,BMF9G30,Unspecified,## Not ETF,None,USD,1.16,1,1.16,0%,0,48.81,10261,0.858489888,0.74007749,0.858489888,36.123182286900004
https://www.hl.co.uk/shares/shares-search-results/a/also-holding-ag-chf1,ALSO Holding AG CHF1,TRUE,ALSN,B11TD81,Unspecified,## Not ETF,None,CHF,191.2,133.4,191.2,2.79%,22.57,2440000000,11232,173.7260676,121.20845927600001,173.7260676,2217006302
https://www.hl.co.uk/shares/shares-search-results/a/alstom-eur7-cdi,Alstom Eur7 (CDI),TRUE,ALO,B0DJ8Q5,Unspecified,## Not ETF,None,EUR,15.65,14.72,15.65,0%,18.63,7170000000,1077034,13.43568948,12.637274707200001,13.43568948,6155520357
https://www.hl.co.uk/shares/shares-search-results/a/alt-resources-ord-gbp0.002,Alt Resources ORD GBP0.002,TRUE,ALTR,BNVSX37,Unspecified,## Not ETF,None,GBX,0,0,6.5,0%,0,3.03,0,0,0,0.065,0.030299999999999997
https://www.hl.co.uk/shares/shares-search-results/a/alta-equipment-group-inc-usd0.0001,Alta Equipment Group Inc USD0.0001,TRUE,ALTG,BLLCYB0,Unspecified,## Not ETF,None,USD,5.89,4.155,5.89,0%,0,194.04,165252,4.359056416,3.0750219709500004,4.359056416,143.6046362
https://www.hl.co.uk/shares/shares-search-results/a/altamir-eur6,Altamir EUR6,TRUE,LTA,B1YJJ57,Unspecified,## Not ETF,None,EUR,22.8,22.5,22.8,4.65%,0,832.48,34,19.57403963,19.31648648,19.57403963,714.6928294
https://www.hl.co.uk/shares/shares-search-results/a/altamira-gold-corp-npv,Altamira Gold Corp NPV,TRUE,ALTA,BYQHPT6,Unspecified,## Not ETF,None,CAD,0.27,0.135,0.27,0%,0,84.72,93017,0.144238145,0.072119072,0.144238145,45.258724451999996
https://www.hl.co.uk/shares/shares-search-results/a/altamira-therapeutics-ltd-usd0.002,Altamira Therapeutics Ltd USD0.002,FALSE,CYTOF,BP0R1S0,Unspecified,## Not ETF,None,USD,0.05,0.0497,0.05,0%,0,422370,8000,0.037003875,0.036781851,0.037003875,312586.5295
https://www.hl.co.uk/shares/shares-search-results/a/altarea-npv,Altarea NPV,TRUE,ALTA,4821638,Unspecified,## Not ETF,None,EUR,84,83.6,84,9.56%,237.51,2069999999.9999998,10549,72.11488284,71.77147864,72.11488284,1777116755.6999998
https://www.hl.co.uk/shares/shares-search-results/a/alten-sa-npv,Alten SA NPV,TRUE,ATE,5608915,Unspecified,## Not ETF,None,EUR,68.8,50.9,68.8,2.19%,14.45,2430000000,41157,59.06552309,43.69818496,59.06552309,2086180539
https://www.hl.co.uk/shares/shares-search-results/a/alterity-therapeutics-ltd-adr-each-repr-600,Alterity Therapeutics Ltd ADR EACH REPR 600,TRUE,ATHE,BMTWBP2,Unspecified,## Not ETF,None,USD,4.15,2.66,4.15,0%,0,83.5,22302,3.071321584,1.968606123,3.071321584,61.79647042
https://www.hl.co.uk/shares/shares-search-results/a/alternative-income-reit-ord-gbp0.01,Alternative Income REIT ORD GBP0.01,TRUE,AIRE,BDVK708,Trust,## Not ETF,Investment Properties (152.15215%),GBX,68.5,67,68.5,8.16%,7.6087,55.2,97288,0.685,0.67,0.685,0.552
https://www.hl.co.uk/shares/shares-search-results/a/alternative-liquidity-fund-ltd-usd0.01,Alternative Liquidity Fund Ltd USD0.01,TRUE,ALF,BYRGPD6,Trust,## Not ETF,"Vision Fcvs Rj Fund Series 2 (19.30841%), Vision Fcvs Rj Fund Series 4 (18.47185%), Gillett Holdings V Invest Fcvs Rj (Cayman) Ltd (17.15311%), Vision Chapadao Fund Series 5 Vision Fcvs Rj Fund  (17.13090%), Vision Fcvs Rj Fund Series 6 (12.50671%), Vision Sp Cr Opp Elt Fund Series 5 (8.05949%), Vision Sp Cr Opp Elt Fund Series 3 (6.49155%), Vision Sp Cr Opp Elt Fund Series 2 (5.22667%), Vision Sp Cr Opp Elt Fund Series 1 (4.28122%), Vision Tercado Fund Series 5 Warana Sp Offshore Fu (1.58371%)",USD,0.04,0.0165,0.04,0%,99999.99,2.4,0,0.029603099600000002,0.012211279,0.029603099600000002,1.776185976
https://www.hl.co.uk/shares/shares-search-results/a/alti-global-inc-usd0.0001-a,AlTi Global Inc USD0.0001 A,TRUE,ALTI,BN0WQK8,Unspecified,## Not ETF,None,USD,3.3,2.75,3.3,0%,0,533.33,93898,2.442255717,2.035213098,2.442255717,394.70552774170005
https://www.hl.co.uk/shares/shares-search-results/a/altimmune-inc-usd1.0001,Altimmune Inc USD0.0001,TRUE,ALT,BFY7DC4,Unspecified,## Not ETF,None,USD,3.33,2.565,3.33,0%,0,653.58,586819,2.464458042,1.898298762,2.464458042,483.6998459
https://www.hl.co.uk/shares/shares-search-results/a/altitude-group-plc-ord-gbp0.04,Altitude Group Plc Ord GBP0.04,TRUE,ALT,B0LSFV8,Unspecified,## Not ETF,None,GBX,22,18.5,22,0%,13.57,16.07,0,0.22,0.185,0.22,0.1607
https://www.hl.co.uk/shares/shares-search-results/a/altius-minerals-corp-com-npv,Altius Minerals Corp COM NPV,TRUE,ALS,2122355,Unspecified,## Not ETF,None,CAD,64.9,30.08,64.9,0.68%,438.53,3840000000,182043,34.670576215000004,16.06919773,34.670576215000004,2051386944
https://www.hl.co.uk/shares/shares-search-results/a/alto-ingredients-inc-usd0.001,Alto Ingredients Inc USD0.001,TRUE,ALTO,BMTLCT0,Unspecified,## Not ETF,None,USD,4,0.9172,4,0%,37.13,318.42,812921,2.96030996,0.678799074,2.96030996,235.65547436580002
https://www.hl.co.uk/shares/shares-search-results/a/alto-neuroscience-inc-usd0.0001,Alto Neuroscience Inc USD0.0001,TRUE,ANRO,BQWNKK8,Unspecified,## Not ETF,None,USD,32,3.59,32,0%,0,1340000000,415741,23.68247968,2.656878189,23.68247968,991703836.6
https://www.hl.co.uk/shares/shares-search-results/a/altri-sgps-sa-eur0.125,Altri SGPS SA EUR0.125,TRUE,ALTR,B13ZSL5,Unspecified,## Not ETF,None,EUR,4.71,4.24,4.71,5.32%,57.33,964.12,143969,4.043584502,3.6400845624000002,4.043584502,827.7071529012001
https://www.hl.co.uk/shares/shares-search-results/a/altria-group-inc-com-stk-udsd0.333,Altria Group Inc Com Stk UDSD0.333,TRUE,MO,2692632,Unspecified,## Not ETF,None,USD,69.2,54.7,69.2,6.45%,12.58,1.1336E+11,1624065,51.21336231,40.4822387,51.21336231,83895184266
https://www.hl.co.uk/shares/shares-search-results/a/altyngold-plc-ordinary-10p,AltynGold plc Ordinary 10p,TRUE,ALTN,BMH19X5,Unspecified,## Not ETF,None,GBX,1160,740,1160,0%,6.91,314.33,71407,11.6,7.4,11.6,3.1433
https://www.hl.co.uk/shares/shares-search-results/a/alumasc-group-plc-ordinary-12.5p-shares,Alumasc Group plc Ordinary 12.5p Shares,TRUE,ALU,0028035,Unspecified,## Not ETF,None,GBX,235,207.5,235,4.72%,7.86,84.5,24704,2.35,2.075,2.35,0.845
https://www.hl.co.uk/shares/shares-search-results/a/alumis-inc-usd0.0001,Alumis Inc USD0.0001,TRUE,ALMS,BPLQG36,Unspecified,## Not ETF,None,USD,9.99,3.76,9.99,0%,0,1370000000,1126474,7.393374125,2.782691362,7.393374125,1013906161
https://www.hl.co.uk/shares/shares-search-results/a/alvopetro-energy-ltd-npv,Alvopetro Energy Ltd NPV,TRUE,ALV,BP5J8Q8,Unspecified,## Not ETF,None,CAD,11.09,5.93,11.09,6.07%,12.31,399.57,65929,5.9244482314999996,3.167897026,5.9244482314999996,213.4564274
https://www.hl.co.uk/shares/shares-search-results/a/alx-oncology-holdings-inc-usd0.001,ALX Oncology Holdings Inc USD0.001,TRUE,ALXO,BLN7XQ1,Unspecified,## Not ETF,None,USD,1.91,1.02,1.91,0%,0,276.55,295757,1.4135480058999998,0.75487904,1.4135480058999998,204.6684299
https://www.hl.co.uk/shares/shares-search-results/a/alzamend-neuro-inc-usd1.0001,Alzamend Neuro Inc USD0.0001,TRUE,ALZN,BVK47Q3,Unspecified,## Not ETF,None,USD,1.67,0.84,1.67,0%,0,8.15,393645,1.2359294082999999,0.6216650915999999,1.2359294082999999,6.0316315435000005
https://www.hl.co.uk/shares/shares-search-results/a/ama-corporation-plc-ord-gbp0.125,AMA Corporation Plc ORD GBP0.125,TRUE,ALAMA,BNKGZC5,Unspecified,## Not ETF,None,EUR,0.15,0.09,0.15,0%,0,8.57,13308,0.128776577,0.077265946,0.128776577,7.357435071
https://www.hl.co.uk/shares/shares-search-results/a/amadeus-fire-ag-npv,Amadeus Fire AG NPV,TRUE,AAD,5623662,Unspecified,## Not ETF,None,EUR,18.42,18.42,18.6,17.11%,0,101.12,0,15.813763594200001,15.813763594200001,15.96829549,86.81258277
https://www.hl.co.uk/shares/shares-search-results/a/amadeus-it-group-sa-eur0.01-a,Amadeus IT Group SA EUR0.01 A,TRUE,AMS,B3MSM28,Unspecified,## Not ETF,None,EUR,55.08,46.21,55.08,2.80%,17.5,23770000000,615996,47.28675889,39.67177067,47.28675889,20406794823
https://www.hl.co.uk/shares/shares-search-results/a/amala-foods-plc-ord-npv,Amala Foods plc Ord NPV,TRUE,DISH,BG12QT7,Unspecified,## Not ETF,None,GBX,0.08,0.065,0.08,0%,0,335485,411733,0.0008,0.00065,0.0008,3354.85
https://www.hl.co.uk/shares/shares-search-results/a/amarc-resources-com-npv,Amarc Resources Com NPV,TRUE,AHR,2023094,Unspecified,## Not ETF,None,CAD,1,0.78,1,0%,0,229.53,45144,0.53421535,0.416687973,0.53421535,122.61844928549999
https://www.hl.co.uk/shares/shares-search-results/a/amarin-corp-adr-each-rep-20-ord-spon,Amarin Corp ADR Each Rep 20 Ord Spon,FALSE,AMRN,BN72KB0,Unspecified,## Not ETF,None,USD,14.09,12.96,14.09,0%,0,301,49369,10.42769183,9.59140427,10.42769183,222.7633245
https://www.hl.co.uk/shares/shares-search-results/a/amaroq-ltd-npv-di,Amaroq Ltd NPV (DI),TRUE,AMRQ,BTRG036,Unspecified,## Not ETF,None,GBX,113.5,66.5,113.5,0%,0,529.19,580548,1.135,0.665,1.135,5.291900000000001
https://www.hl.co.uk/shares/shares-search-results/a/amaze-holdings-inc-usd0.001,Amaze Holdings Inc USD0.001,TRUE,AMZE,BX2GLK3,Unspecified,## Not ETF,None,USD,0.16,0.1515,0.16,0%,0,3.52,2922301,0.11841239840000001,0.11212174,0.11841239840000001,2.605072765
https://www.hl.co.uk/shares/shares-search-results/a/amazon.com-inc-com-stk-usd0.01,Amazon.com Inc Com Stk USD0.01,TRUE,AMZN,2000019,Unspecified,## Not ETF,None,USD,253.87,196.13,253.87,0%,32.78,2.77E+12,8346332,187.8834724,145.1513981,187.8834724,2.05001E+12
https://www.hl.co.uk/shares/shares-search-results/a/ambarella-inc-usd0.00045,Ambarella Inc USD0.00045,TRUE,AMBA,B7KH3G6,Unspecified,## Not ETF,None,USD,67.76,48.34,67.76,0%,0,2800000000,413488,50.14765072,35.775345866600006,50.14765072,2072216972
https://www.hl.co.uk/shares/shares-search-results/a/ambea-ab-npv,Ambea AB NPV,TRUE,AMBEA,BYXPJQ8,Unspecified,## Not ETF,None,SEK,168,112.7,168,1.58%,19.43,13500000000,86663,12.824916720000001,8.603381633000001,12.824916720000001,1030573665
https://www.hl.co.uk/shares/shares-search-results/a/amber-international-holding-ltd-adr,Amber International Holding Ltd ADR,FALSE,AMBR,BQ0KQT2,Unspecified,## Not ETF,None,USD,1,0.8298,1,0%,4.01,92.17,276832,0.74007749,0.614116301,0.74007749,68.21294225
https://www.hl.co.uk/shares/shares-search-results/a/ambev-sa-ads-each-representing-one-share,Ambev SA ADS each representing one Share,TRUE,ABEV,BG804F6,Unspecified,## Not ETF,None,USD,3.06,2.105,3.06,3.74%,15.47,47950000000,4272635,2.264637119,1.557863116,2.264637119,35486715646
https://www.hl.co.uk/shares/shares-search-results/a/ambipar-emergency-response-usd0.0001-a,Ambipar Emergency Response USD0.0001 A,FALSE,AMBIQ,BQXJDS4,Unspecified,## Not ETF,None,USD,0,0,0.0001,0%,0,3.86,0,0,0,7.4007749E-05,2.8566991113999998
https://www.hl.co.uk/shares/shares-search-results/a/ambiq-micro-inc-usd0.000001,Ambiq Micro Inc USD0.000001,TRUE,AMBQ,BV2D081,Unspecified,## Not ETF,None,USD,61.97,22.12,61.97,0%,0,1470000000,428377,45.86260206,16.37051408,45.86260206,1087913910
https://www.hl.co.uk/shares/shares-search-results/a/ambu-as-dkk0.50,Ambu AS DKK0.50,TRUE,AMBU B,BD9G333,Unspecified,## Not ETF,None,DKK,66,56.25,66,0.62%,28.62,15540000000,505192,7.5752721,6.456197813,7.5752721,1783632249
https://www.hl.co.uk/shares/shares-search-results/a/amc-entertainment-holdings-inc-usd1.01-a,AMC Entertainment Holdings Inc USD0.01 A,TRUE,AMC,BN4G703,Unspecified,## Not ETF,None,USD,2.41,0.93,2.41,0%,0,2200000000,16643506,1.783586751,0.688272066,1.783586751,1628170478
https://www.hl.co.uk/shares/shares-search-results/a/amc-global-media-inc-usd0.01,AMC Global Media Inc USD0.01,TRUE,AMCX,B4MG4Z6,Unspecified,## Not ETF,None,USD,12.11,6.47,12.11,0%,7.57,498.3,123370,8.962338404,4.78830136,8.962338404,368.78061326700004
https://www.hl.co.uk/shares/shares-search-results/a/amcomri-group-plc-ord-gbp0.01,Amcomri Group Plc ORD GBP0.01,TRUE,AMCO,BMBWCV3,Unspecified,## Not ETF,None,GBX,123,92.5,123,0%,22.51,94.47,82457,1.23,0.925,1.23,0.9447
https://www.hl.co.uk/shares/shares-search-results/a/amcor-plc-ord-usd0.05,Amcor Plc ORD USD0.05,TRUE,AMCR,BV7DQ55,Unspecified,## Not ETF,None,USD,43.7,36.25,43.7,6.05%,13.99,19880000000,925870,32.34138631,26.82780901,32.34138631,14712740501
https://www.hl.co.uk/shares/shares-search-results/a/amentum-holdings-inc-usd0.01,Amentum Holdings Inc USD0.01,TRUE,AMTM,BMZLFJ5,Unspecified,## Not ETF,None,USD,19.62,19.21,19.62,0%,41.02,4720000000,1007053,14.52032035,14.216888582900001,14.52032035,3493165753
https://www.hl.co.uk/shares/shares-search-results/a/amer-sports-inc-eur0.1,Amer Sports Inc EUR0.1,TRUE,AS,BN6TZY0,Unspecified,## Not ETF,None,USD,27.92,27.21,27.92,0%,33.78,15490000000,7090554,20.66296352,20.1375085,20.66296352,11463800320
https://www.hl.co.uk/shares/shares-search-results/a/ameren-corp-com-stk-usd0.01,Ameren Corp Com Stk USD0.01,TRUE,AEE,2050832,Unspecified,## Not ETF,None,USD,105.64,96.57,105.64,2.86%,19.71,29410000000,351158,78.18178604,71.46928321,78.18178604,21765678981
https://www.hl.co.uk/shares/shares-search-results/a/ameresco-inc-usd0.0001,Ameresco Inc / USD0.0001,TRUE,AMRC,B3SWPT2,Unspecified,## Not ETF,None,USD,23.1,18.38,23.1,0%,27.19,1210000000,151600,17.095790019000003,13.60262427,17.095790019000003,895493762.9
https://www.hl.co.uk/shares/shares-search-results/a/america-movil-sab-de-cv-ads,America Movil SAB de CV ADS,TRUE,AMX,BNHN4P5,Unspecified,## Not ETF,None,USD,22.99,19.705,22.99,2.60%,14.16,68970000000,2133069,17.0143815,14.583226940449999,17.0143815,51043144485
https://www.hl.co.uk/shares/shares-search-results/a/american-airlines-group-inc-ord-shares,American Airlines Group Inc Ord Shares,TRUE,AAL,BCV7KT2,Unspecified,## Not ETF,None,USD,13.1,10.095,13.1,0%,37.55,8550000000.000001,7611917,9.695015119,7.471082262,9.695015119,6327662539.500001
https://www.hl.co.uk/shares/shares-search-results/a/american-assets-trust-inc-usd0.01,American Assets Trust Inc USD0.01,TRUE,AAT,B3NTLD4,Unspecified,## Not ETF,None,USD,21.59,17.72,21.59,7.29%,63.35,1330000000,100680,15.97827301,13.114173122799999,15.97827301,984303061.7
https://www.hl.co.uk/shares/shares-search-results/a/american-battery-technology-company-usd0.00,American Battery Technology Company USD0.00,TRUE,ABAT,BQC80B4,Unspecified,## Not ETF,None,USD,2.59,2,2.59,0%,0,383.32,2598330,1.916800699,1.48015498,1.916800699,283.6865035
https://www.hl.co.uk/shares/shares-search-results/a/american-coastal-insurance-corp-usd0.001,American Coastal Insurance Corp USD0.001,TRUE,ACIC,B292PW7,Unspecified,## Not ETF,None,USD,9.45,9.1,9.45,0%,4.35,440.08,213836,6.993732281,6.734705159,6.993732281,325.6933018
https://www.hl.co.uk/shares/shares-search-results/a/american-eagle-outfitter-com-stk-usd0.01,American Eagle Outfitter COM STK USD0.01,TRUE,AEO,2048592,Unspecified,## Not ETF,None,USD,14.71,14.06,14.71,3.44%,9.89,2830000000,2759522,10.88653988,10.40548951,10.88653988,2094419297
https://www.hl.co.uk/shares/shares-search-results/a/american-electric-power-co-inc-com-stk-us,American Electric Power Co Inc Com Stk US,TRUE,AEP,2026242,Unspecified,## Not ETF,None,USD,124.77,105.79,124.77,3.08%,20.66,68280000000,975921,92.33946842729999,78.29279767,92.33946842729999,50532491017
https://www.hl.co.uk/shares/shares-search-results/a/american-express-co-common-stock-usd0.20,American Express Co Common Stock USD0.20,TRUE,AXP,2026082,Unspecified,## Not ETF,None,USD,324.97,291,324.97,1.18%,20.97,2.1731E+11,568097,240.50298192530002,215.36254959000001,240.50298192530002,1.60826E+11
https://www.hl.co.uk/shares/shares-search-results/a/american-financial-group-inc-usd1,American Financial Group Inc USD1,TRUE,AFG,2134532,Unspecified,## Not ETF,None,USD,142.73,123.29,142.73,2.49%,13.52,11650000000,75826,105.63126014769999,91.24415374210001,105.63126014769999,8621902759
https://www.hl.co.uk/shares/shares-search-results/a/american-homes-4-rent-usd0.01-a,American Homes 4 Rent USD0.01 A,TRUE,AMH,BCF5RR9,Unspecified,## Not ETF,None,USD,31.7,27.215,31.7,4.09%,53.34,11600000000,678875,23.46045643,20.14120889,23.46045643,8584898884
https://www.hl.co.uk/shares/shares-search-results/a/american-intnl-group-inc-com-stk-$2.50,American Intn'l Group Inc Com Stk $2.50,TRUE,AIG,2027342,Unspecified,## Not ETF,None,USD,75.73,71.25,75.73,2.67%,12.31,39230000000,2194313,56.046068317700005,52.73052116,56.046068317700005,29033239933
https://www.hl.co.uk/shares/shares-search-results/a/american-lithium-corp-npv,American Lithium Corp NPV,TRUE,LI,BF4XHL9,Unspecified,## Not ETF,None,CAD,0.47,0.37,0.47,0%,0,119.24,243887,0.251081215,0.19765968,0.251081215,63.69983833399999
https://www.hl.co.uk/shares/shares-search-results/a/american-outdoor-brands-inc-usd0.001,American Outdoor Brands Inc USD0.001,TRUE,AOUT,BMDMZV2,Unspecified,## Not ETF,None,USD,15.05,6.28,15.05,0%,0,186.42,56142,11.13816622,4.6476866372000005,11.13816622,137.9652457
https://www.hl.co.uk/shares/shares-search-results/a/american-public-education-inc-usd0.01,American Public Education Inc USD0.01,TRUE,APEI,B292GM4,Unspecified,## Not ETF,None,USD,45.36,30.26,45.36,0%,28.35,830.16,44526,33.56991495,22.394744847400002,33.56991495,614.3827291
https://www.hl.co.uk/shares/shares-search-results/a/american-realty-investors-inc-usd0.01,American Realty Investors Inc USD0.01,TRUE,ARL,2615974,Unspecified,## Not ETF,None,USD,16.08,12.42,16.08,0%,0,250.68,608,11.900446039199998,9.191762426,11.900446039199998,185.5226252
https://www.hl.co.uk/shares/shares-search-results/a/american-resources-corp-usd0.0001,American Resources Corp USD0.0001,TRUE,AREC,BF2WFR0,Unspecified,## Not ETF,None,USD,2.2,1.4525,2.2,0%,0,262.08,1312602,1.6281704780000001,1.0749625542249999,1.6281704780000001,193.9595086
https://www.hl.co.uk/shares/shares-search-results/a/american-shared-hospital-services-npv,American Shared Hospital Services NPV,TRUE,AMS,2029359,Unspecified,## Not ETF,None,USD,1.42,1.25,1.42,0%,0,9.44,6872,1.0509100357999999,0.925096863,1.0509100357999999,6.986331506
https://www.hl.co.uk/shares/shares-search-results/a/american-states-water-co-usd2.50,American States Water Co USD2.50,TRUE,AWR,2267171,Unspecified,## Not ETF,None,USD,88.41,69.55,88.41,2.49%,25.69,3500000000,69508,65.43025089,51.47238943,65.43025089,2590271215
https://www.hl.co.uk/shares/shares-search-results/a/american-strategic-investment-co-usd0.01-a,American Strategic Investment Co USD0.01 A,TRUE,NYC,BMH8GK2,Unspecified,## Not ETF,None,USD,6.23,5.82,6.23,0%,0,20.53,4283,4.610682762700001,4.307250992,4.610682762700001,15.19379087
https://www.hl.co.uk/shares/shares-search-results/a/american-superconductor-corp-com-stk-usd2,American Superconductor Corp Com Stk USD,TRUE,AMSC,BWH64F7,Unspecified,## Not ETF,None,USD,29.32,24.87,29.32,0%,9.63,1390000000,126144,21.69907201,18.40572718,21.69907201,1028707711
https://www.hl.co.uk/shares/shares-search-results/a/american-tower-corp-usd0.01,American Tower Corp USD0.01,TRUE,AMT,B7FBFL2,Unspecified,## Not ETF,None,USD,174.59,160.26,174.59,4.04%,32.43,81740000000,599961,129.210129,118.6048185,129.210129,60493934033
https://www.hl.co.uk/shares/shares-search-results/a/american-vanguard-corp-com-stk-usd0.10,American Vanguard Corp Com Stk USD0.10,TRUE,AVD,2025711,Unspecified,## Not ETF,None,USD,2.26,2.03,2.26,0%,0,65.2,23177,1.6725751273999998,1.5023573046999998,1.6725751273999998,48.253052348000004
https://www.hl.co.uk/shares/shares-search-results/a/american-water-works-co-inc-npv,American Water Works Co Inc Npv,TRUE,AWK,B2R3PV1,Unspecified,## Not ETF,None,USD,140.47,120.6,140.47,2.56%,24.17,27890000000,426730,103.958685,89.25334529,103.958685,20640761196
https://www.hl.co.uk/shares/shares-search-results/a/american-well-corp-usd0.01-a,American Well Corp USD0.01 A,TRUE,AMWL,BRRD033,Unspecified,## Not ETF,None,USD,12.97,3.71,12.97,0%,0,209.21,74321,9.598805045,2.745687488,9.598805045,154.83161168290002
https://www.hl.co.uk/shares/shares-search-results/a/americas-car-mart-inc-usd0.01,Americas Car Mart Inc USD0.01,TRUE,CRMT,2813961,Unspecified,## Not ETF,None,USD,1.65,1.38,1.65,0%,0,21.57,359809,1.221127859,1.021306936,1.221127859,15.96347146
https://www.hl.co.uk/shares/shares-search-results/a/americas-gold-and-silver-corp-npv2,Americas Gold and Silver Corp NPV,TRUE,USA,BVMJP62,Unspecified,## Not ETF,None,CAD,7.21,3.73,7.21,0%,0,2020000000,891284,3.8516926734999997,1.9926232554999999,3.8516926734999997,1079115007
https://www.hl.co.uk/shares/shares-search-results/a/americold-realty-trust-usd0.01,Americold Realty Trust USD0.01,TRUE,COLD,B3SKZK7,Unspecified,## Not ETF,None,USD,14.3,10.1,14.3,6.52%,296.37,3900000000,1162750,10.583108107000001,7.474782649,10.583108107000001,2886302211
https://www.hl.co.uk/shares/shares-search-results/a/americore-resources-corp-npv,Americore Resources Corp NPV,TRUE,AMCO,BMDPSK1,Unspecified,## Not ETF,None,CAD,0.29,0.2,0.29,0%,0,8.23,4344,0.15492245149999997,0.10684307,0.15492245149999997,4.396592331
https://www.hl.co.uk/shares/shares-search-results/a/amerigo-resources-corp-com-npv,Amerigo Resources Corp COM NPV,TRUE,ARG,2855822,Unspecified,## Not ETF,None,CAD,8.41,2.27,8.41,1.94%,27.91,1370000000,599966,4.492751094,1.212668845,4.492751094,731875029.5
https://www.hl.co.uk/shares/shares-search-results/a/ameriprise-financial-inc-com-stk-us0.01,Ameriprise Financial Inc Com Stk US0.01,TRUE,AMP,B0J7D57,Unspecified,## Not ETF,None,USD,560,422.81,560,1.23%,14.22,48750000000,148670,414.4433944,312.9121635,414.4433944,36078777638
https://www.hl.co.uk/shares/shares-search-results/a/amerisafe-inc-usd0.01,Amerisafe Inc USD0.01,TRUE,AMSF,B0PPHS6,Unspecified,## Not ETF,None,USD,24.5,24.19,24.5,6.76%,10.03,461.55,196039,18.13189851,17.90247448,18.13189851,341.5827655
https://www.hl.co.uk/shares/shares-search-results/a/ameritrust-financial-technologies-inc-npv,AmeriTrust Financial Technologies Inc NPV,TRUE,AMT,BPYS0D7,Unspecified,## Not ETF,None,CAD,0.23,0.04,0.23,0%,0,234.33,30587,0.122869531,0.021368614,0.122869531,125.182683
https://www.hl.co.uk/shares/shares-search-results/a/ames-national-corp-usd2,Ames National Corp USD2,TRUE,ATLO,B00MZ00,Unspecified,## Not ETF,None,USD,32.49,19.56,32.49,2.97%,15.19,286.09,21406,24.04511765,14.475915704399998,24.04511765,211.72876911409998
https://www.hl.co.uk/shares/shares-search-results/a/ametek-inc-com-stk-usd0.01,Ametek Inc Com Stk USD0.01,TRUE,AME,2089212,Unspecified,## Not ETF,None,USD,237.91,179.24,237.91,0.58%,37.02,54170000000,383436,176.0718356,132.6514893,176.0718356,40089997633
https://www.hl.co.uk/shares/shares-search-results/a/amex-gold-mining-inc-npv,Amex Gold Mining Inc NPV,TRUE,AMX,BSBFLF1,Unspecified,## Not ETF,None,CAD,4.6,2.43,4.6,0%,0,724.4,32085,2.4573906099999996,1.298143301,2.4573906099999996,386.98559953999995
https://www.hl.co.uk/shares/shares-search-results/a/amg-critical-materials-nv-eur.02,AMG Critical Materials NV Eur.02,TRUE,AMG,B1Z95S1,Unspecified,## Not ETF,None,EUR,30.36,24.44,30.36,1.31%,61.78,1120000000,136848,26.06437908,20.981996864400003,26.06437908,961531771.2
https://www.hl.co.uk/shares/shares-search-results/a/amgen-inc-ordinary-us-$-0.01,Amgen Inc Ordinary US $ 0.01,TRUE,AMGN,2023607,Unspecified,## Not ETF,None,USD,386.99,269.78,386.99,2.64%,21.23,2.1256E+11,813693,286.4025879,199.6581053,286.4025879,1.57311E+11
https://www.hl.co.uk/shares/shares-search-results/a/amigo-resources-ord-0.25p,Amigo Resources Ord 0.25p,TRUE,AMGO,BFFK8T4,Unspecified,## Not ETF,None,GBX,2.75,0.175,2.75,0%,0,38.56,4845893,0.0275,0.00175,0.0275,0.38560000000000005
https://www.hl.co.uk/shares/shares-search-results/a/aminex-plc-eur0.001-ordinary-shares,Aminex plc Eur0.001 Ordinary Shares,TRUE,AEX,0307325,Unspecified,## Not ETF,None,GBX,2.05,1,2.05,0%,0,91.29,6322842,0.020499999999999997,0.01,0.020499999999999997,0.9129
https://www.hl.co.uk/shares/shares-search-results/a/amkor-technology-inc-usd0.001,AMKOR Technology Inc USD0.001,TRUE,AMKR,2242929,Unspecified,## Not ETF,None,USD,50.31,24.87,50.31,0.67%,34.24,12600000000,1237553,37.233298521900004,18.40572718,37.233298521900004,9324976374
https://www.hl.co.uk/shares/shares-search-results/a/amn-healthcare-services-inc-com-stk-usd0.,AMN Healthcare Services Inc Com Stk USD0.,TRUE,AMN,2813552,Unspecified,## Not ETF,None,USD,33.77,14.97,33.77,0%,0,1330000000,189104,24.992416837300002,11.07896003,24.992416837300002,984303061.7
https://www.hl.co.uk/shares/shares-search-results/a/amneal-pharmaceuticals-inc-usd0.01-a,Amneal Pharmaceuticals Inc USD0.01 A,TRUE,AMRX,BFNF1D6,Unspecified,## Not ETF,None,USD,17,9.5,17,0%,73.11,5940000000,401213,12.581317330000001,7.030736155,12.581317330000001,4396060291
https://www.hl.co.uk/shares/shares-search-results/a/amoeba-eur0.01,Amoeba EUR0.01,TRUE,ALMIB,BYTHD33,Unspecified,## Not ETF,None,EUR,0.59,0.56,0.59,0%,0,45.29,312157,0.506521201,0.48076588560000005,0.506521201,38.881941
https://www.hl.co.uk/shares/shares-search-results/a/ampeak-energy-ltd-ord-npv-di,Ampeak Energy Ltd ORD NPV (DI),TRUE,AMP,BJ0XKM3,Unspecified,## Not ETF,None,GBX,2.5,2.1,2.5,0%,0,18.12,54652,0.025,0.021,0.025,0.1812
https://www.hl.co.uk/shares/shares-search-results/a/amphastar-pharmaceuticals-inc-usd0.0001,Amphastar Pharmaceuticals Inc USD0.0001,TRUE,AMPH,BNFWZS4,Unspecified,## Not ETF,None,USD,23.65,16.66,23.65,0%,11.69,975.4,129942,17.50283264,12.32969098,17.50283264,721.8715837459999
https://www.hl.co.uk/shares/shares-search-results/a/amphenol-corp-class-a-com-stk-usd0.001,Amphenol Corp Class A Com Stk USD0.001,TRUE,APH,2145084,Unspecified,## Not ETF,None,USD,83,58.68,83,0.62%,48.62,2.0058E+11,3785299,61.42643167,43.42774711,61.42643167,1.48445E+11
https://www.hl.co.uk/shares/shares-search-results/a/amplifon-spa-eur0.02,Amplifon SpA Eur0.02,TRUE,AMP,B14NJ71,Unspecified,## Not ETF,None,EUR,11.33,7.84,11.33,2.56%,22.31,3080000000,1370690,9.726924078,6.730722398,9.726924078,2644212371
https://www.hl.co.uk/shares/shares-search-results/a/amplify-energy-corp-usd0.0001,Amplify Energy Corp USD0.0001,TRUE,AMPY,BK598S5,Unspecified,## Not ETF,None,USD,4.92,3.65,4.92,0%,19.9,203.97,151833,3.641181251,2.701282839,3.641181251,150.9536056
https://www.hl.co.uk/shares/shares-search-results/a/amplify-cybersecurity-etf,Amplify Cybersecurity ETF,FALSE,HACK,BMGC490,ETF 1x,Cloud & AI & IT,None,USD,111.19,69.75,111.19,0.05%,0,0,40885,82.28921611,51.62040493,82.28921611,0
https://www.hl.co.uk/shares/shares-search-results/a/amplify-bluestar-israel-technology-etf,Amplify BlueStar Israel Technology ETF,FALSE,ITEQ,BMGC4F6,ETF 1x,Cloud & AI & IT,None,USD,60.69,52.16,60.69,0.83%,0,0,66,44.91530287,38.60244188,44.91530287,0
https://www.hl.co.uk/shares/shares-search-results/a/amplify-cef-high-income-etf,Amplify CEF High Income ETF,FALSE,YYY,BJK69L4,ETF 1x,High Yield,None,USD,11.03,10.7,11.03,13.10%,0,0,56636,8.163054715,7.918829143,8.163054715,0
https://www.hl.co.uk/shares/shares-search-results/a/amplify-junior-silver-miners-etf,Amplify Junior Silver Miners ETF,FALSE,SILJ,BMGCF20,ETF 1x,ETC - Metals,None,USD,31.3,19.56,31.3,1.81%,0,0,784203,23.164425437000002,14.475915704399998,23.164425437000002,0
https://www.hl.co.uk/shares/shares-search-results/a/amplify-digital-payments-etf,Amplify Digital Payments ETF,FALSE,IPAY,BMGC4D4,ETF 1x,Cloud & AI & IT,None,USD,49.27,41.28,49.27,1.74%,0,0,8716,36.463617932300004,30.550398787200002,36.463617932300004,0
https://www.hl.co.uk/shares/shares-search-results/a/amplify-bloomberg-ai-equal-weight-etf,Amplify Bloomberg AI Equal Weight ETF,FALSE,AIVC,BMGC4G7,ETF 1x,Cloud & AI & IT,None,USD,111.49,61.39,111.49,0.11%,0,0,33,82.51123936009999,45.43335711,82.51123936009999,0
https://www.hl.co.uk/shares/shares-search-results/a/amplify-ai-powered-equity-etf,Amplify AI Powered Equity ETF,FALSE,AIEQ,BMGC401,ETF 1x,Equity,None,USD,49.77,42.045,49.77,0.39%,0,0,46,36.833656677300006,31.11655807,36.833656677300006,0
https://www.hl.co.uk/shares/shares-search-results/a/amplify-video-game-tech-etf,Amplify Video Game Tech ETF,FALSE,GAMR,BMGC445,ETF 1x,Gaming,None,USD,97.26,71.6,97.26,0.49%,0,0,26,71.97993668,52.989548283999994,71.97993668,0
https://www.hl.co.uk/shares/shares-search-results/a/amplitech-group-inc-usd0.001,Amplitech Group Inc USD0.001,TRUE,AMPG,BNKBJN9,Unspecified,## Not ETF,None,USD,3.51,1.64,3.51,0%,0,107.11,709196,2.59767199,1.213727084,2.59767199,79.26969995
https://www.hl.co.uk/shares/shares-search-results/a/amplitude-inc-usd0.00001-a,Amplitude Inc USD0.00001 A,TRUE,AMPL,BMV1Z44,Unspecified,## Not ETF,None,USD,12.49,5.51,12.49,0%,0,1560000000,1494974,9.24356785,4.07782697,9.24356785,1154520884
https://www.hl.co.uk/shares/shares-search-results/a/amprius-technologies-inc-usd0.0001,Amprius Technologies Inc USD0.0001,TRUE,AMPX,BPSKN52,Unspecified,## Not ETF,None,USD,9.55,7.41,9.55,0%,0,1440000000,3370624,7.06774003,5.4839742009000005,7.06774003,1065711586
https://www.hl.co.uk/shares/shares-search-results/a/amrize-ltd-chf1000,Amrize Ltd CHF1000,TRUE,AMRZ,BVBMCR2,Unspecified,## Not ETF,None,CHF,32.93,0,32.93,1.10%,0,24290000000,1677960,29.92049898,0,29.92049898,22070116010.600002
https://www.hl.co.uk/shares/shares-search-results/a/ams-osram-ag-npv,ams-OSRAM AG NPV,TRUE,AMS,BQPGGN9,Unspecified,## Not ETF,None,CHF,18.4,6.85,18.4,0%,0,1810000000,413262,16.71840818,6.223972609,16.71840818,1644582543
https://www.hl.co.uk/shares/shares-search-results/a/amtd-digital-inc-adr,AMTD Digital Inc ADR,FALSE,HKD,BN6M5P0,Unspecified,## Not ETF,None,USD,1.7,1.26,1.7,0%,9.8,531.13,51318,1.258131733,0.932497637,1.258131733,393.0773573
https://www.hl.co.uk/shares/shares-search-results/a/amtd-idea-group-adr-each-repr-6-ord-a-share,AMTD IDEA Group ADR Each Repr 6 Ord A Share,TRUE,AMTD,BN12NK6,Unspecified,## Not ETF,None,USD,0.74,0.71,0.74,0%,1.74,32.5,801,0.547657343,0.5254550178999999,0.547657343,24.05251843
